PLC/Island 1/MultiProcessing/MultiProcessing01/measurements/input/multiProcessingSensTurntablePosVacuum,"{""value"": true, ""timestamp"": ""2025-05-12T11:59:13.958514+00:00Z""}",0,True,1747051334.0524495,0.00019407272338867188
PLC/Island 1/MultiProcessing/MultiProcessing01/measurements/input/multiProcessingSensTurntablePosBelt,"{""value"": false, ""timestamp"": ""2025-05-12T11:59:13.958661+00:00Z""}",0,True,1747051334.0526373,0.00018787384033203125
PLC/Island 1/MultiProcessing/MultiProcessing01/measurements/input/multiProcessingSensTurntablePosSaw,"{""value"": false, ""timestamp"": ""2025-05-12T11:59:13.958740+00:00Z""}",0,True,1747051334.0528243,0.000186920166015625
PLC/Island 1/MultiProcessing/MultiProcessing01/measurements/input/multiProcessingSensEndConveyor,"{""value"": true, ""timestamp"": ""2025-05-12T11:59:13.958815+00:00Z""}",0,True,1747051334.0530164,0.00019216537475585938
PLC/Island 1/MultiProcessing/MultiProcessing01/measurements/input/multiProcessingSensOven,"{""value"": true, ""timestamp"": ""2025-05-12T11:59:13.958887+00:00Z""}",0,True,1747051334.053198,0.00018167495727539062
PLC/Island 1/MultiProcessing/MultiProcessing01/measurements/input/multiProcessingSensVacuumGripperAtTurntable,"{""value"": true, ""timestamp"": ""2025-05-12T11:59:13.958962+00:00Z""}",0,True,1747051334.0533376,0.00013947486877441406
PLC/Island 1/MultiProcessing/MultiProcessing01/measurements/input/multiProcessingSensVacuumGripperAtOven,"{""value"": false, ""timestamp"": ""2025-05-12T11:59:13.959032+00:00Z""}",0,True,1747051334.0535173,0.00017976760864257812
PLC/Island 1/MultiProcessing/MultiProcessing01/measurements/input/multiProcessingSensOvenFeederIn,"{""value"": false, ""timestamp"": ""2025-05-12T11:59:13.959103+00:00Z""}",0,True,1747051334.0536954,0.0001780986785888672
PLC/Island 1/MultiProcessing/MultiProcessing01/measurements/input/multiProcessingSensOvenFeederOut,"{""value"": true, ""timestamp"": ""2025-05-12T11:59:13.959172+00:00Z""}",0,True,1747051334.053905,0.00020956993103027344
PLC/Island 1/MultiProcessing/MultiProcessing01/measurements/internal/isExecuting,"{""value"": false, ""timestamp"": ""2025-05-12T11:59:13.959666+00:00Z""}",0,True,1747051334.0540879,0.00018286705017089844
PLC/Island 1/MultiProcessing/MultiProcessing01/measurements/output/multiProcessingActRotClockwise,"{""value"": false, ""timestamp"": ""2025-05-12T11:59:13.960164+00:00Z""}",0,True,1747051334.0542758,0.00018787384033203125
PLC/Island 1/MultiProcessing/MultiProcessing01/measurements/output/multiProcessingActRotCounterclockwise,"{""value"": false, ""timestamp"": ""2025-05-12T11:59:13.960289+00:00Z""}",0,True,1747051334.054451,0.00017523765563964844
PLC/Island 1/MultiProcessing/MultiProcessing01/measurements/output/multiProcessingActConveyorForward,"{""value"": false, ""timestamp"": ""2025-05-12T11:59:13.960365+00:00Z""}",0,True,1747051334.0546238,0.0001728534698486328
PLC/Island 1/MultiProcessing/MultiProcessing01/measurements/output/multiProcessingActSaw,"{""value"": false, ""timestamp"": ""2025-05-12T11:59:13.960440+00:00Z""}",0,True,1747051334.0547965,0.00017261505126953125
PLC/Island 1/MultiProcessing/MultiProcessing01/measurements/output/multiProcessingActOvenInward,"{""value"": false, ""timestamp"": ""2025-05-12T11:59:13.960516+00:00Z""}",0,True,1747051334.0549684,0.00017189979553222656
PLC/Island 1/MultiProcessing/MultiProcessing01/measurements/output/multiProcessingActOvenOutward,"{""value"": false, ""timestamp"": ""2025-05-12T11:59:13.960602+00:00Z""}",0,True,1747051334.0551734,0.00020503997802734375
PLC/Island 1/MultiProcessing/MultiProcessing01/measurements/output/multiProcessingActGripperToOven,"{""value"": false, ""timestamp"": ""2025-05-12T11:59:13.960674+00:00Z""}",0,True,1747051334.055358,0.00018453598022460938
PLC/Island 1/MultiProcessing/MultiProcessing01/measurements/output/multiProcessingActGripperToTurntable,"{""value"": false, ""timestamp"": ""2025-05-12T11:59:13.960773+00:00Z""}",0,True,1747051334.0555265,0.0001685619354248047
PLC/Island 1/MultiProcessing/MultiProcessing01/measurements/output/multiProcessingOvenLight,"{""value"": false, ""timestamp"": ""2025-05-12T11:59:13.960843+00:00Z""}",0,True,1747051334.0556886,0.0001621246337890625
PLC/Island 1/MultiProcessing/MultiProcessing01/measurements/output/multiProcessingCompressor,"{""value"": false, ""timestamp"": ""2025-05-12T11:59:13.960922+00:00Z""}",0,True,1747051334.0558531,0.00016450881958007812
PLC/Island 1/MultiProcessing/MultiProcessing01/measurements/output/multiProcessingValveVacuum,"{""value"": false, ""timestamp"": ""2025-05-12T11:59:13.960991+00:00Z""}",0,True,1747051334.0560195,0.00016641616821289062
PLC/Island 1/MultiProcessing/MultiProcessing01/measurements/output/multiProcessingActLowerValve,"{""value"": false, ""timestamp"": ""2025-05-12T11:59:13.961068+00:00Z""}",0,True,1747051334.0563111,0.00029158592224121094
PLC/Island 1/MultiProcessing/MultiProcessing01/measurements/output/multiProcessingValveOvenDoor,"{""value"": false, ""timestamp"": ""2025-05-12T11:59:13.961143+00:00Z""}",0,True,1747051334.0564802,0.0001690387725830078
PLC/Island 1/MultiProcessing/MultiProcessing01/measurements/output/multiProcessingValveFeeder,"{""value"": false, ""timestamp"": ""2025-05-12T11:59:13.961219+00:00Z""}",0,True,1747051334.0566554,0.00017523765563964844
PLC/Island 1/MultiProcessing/MultiProcessing01/events/emitted/machine_feedback,"{""value"": ""{\""jsonType\"": \""MACHINE_FEEDBACK\"", \""status\"": \""INITIALIZED_IDLE\"", \""info\"": \""\""}"", ""timestamp"": ""2025-05-12T11:59:13.974376+00:00Z""}",0,True,1747051334.0568116,0.00015616416931152344
PLC/Island 1/MultiProcessing/MultiProcessing01/events/emitted/command_feedback,"{""value"": ""{\""jsonType\"": \""COMMAND_FEEDBACK\"", \""commandId\"": 2, \""status\"": \""DONE\"", \""info\"": \""\""}"", ""timestamp"": ""2025-05-12T11:58:20.697769+00:00Z""}",0,True,1747051334.0570655,0.00025391578674316406
PLC/Island 1/MultiProcessing/MultiProcessing01/events/received/command,"{""value"": ""\""COMMAND MULTIPROCESSING 2 SETUP []\"""", ""timestamp"": ""2025-05-12T11:58:20.680953+00:00Z""}",0,True,1747051334.057228,0.00016260147094726562
PLC/Island 1/MultiProcessing/MultiProcessing01/events/received/command,"{""value"": ""\""COMMAND MULTIPROCESSING 2 SETUP []\"""", ""timestamp"": ""2025-05-12T12:00:26.762864+00:00Z""}",0,False,1747051371.0744421,0.022806167602539062
PLC/Island 1/MultiProcessing/MultiProcessing01/events/emitted/command_feedback,"{""value"": ""{\""jsonType\"": \""COMMAND_FEEDBACK\"", \""commandId\"": 2, \""status\"": \""DONE\"", \""info\"": \""\""}"", ""timestamp"": ""2025-05-12T12:00:26.783918+00:00Z""}",0,False,1747051371.075768,0.001325845718383789
PLC/Island 1/MultiProcessing/MultiProcessing01/measurements/input/multiProcessingSensTurntablePosVacuum,"{""value"": true, ""timestamp"": ""2025-05-12T12:01:25.143077+00:00Z""}",0,False,1747051429.4341443,0.0001690387725830078
PLC/Island 1/MultiProcessing/MultiProcessing01/measurements/input/multiProcessingSensTurntablePosBelt,"{""value"": false, ""timestamp"": ""2025-05-12T12:01:25.143389+00:00Z""}",0,False,1747051429.4344811,0.0003368854522705078
PLC/Island 1/MultiProcessing/MultiProcessing01/measurements/input/multiProcessingSensTurntablePosSaw,"{""value"": false, ""timestamp"": ""2025-05-12T12:01:25.143746+00:00Z""}",0,False,1747051429.4349542,0.0004730224609375
PLC/Island 1/MultiProcessing/MultiProcessing01/measurements/input/multiProcessingSensEndConveyor,"{""value"": true, ""timestamp"": ""2025-05-12T12:01:25.143977+00:00Z""}",0,False,1747051429.4351516,0.00019741058349609375
PLC/Island 1/MultiProcessing/MultiProcessing01/measurements/input/multiProcessingSensOven,"{""value"": false, ""timestamp"": ""2025-05-12T12:01:25.144214+00:00Z""}",0,False,1747051429.4353251,0.0001735687255859375
PLC/Island 1/MultiProcessing/MultiProcessing01/measurements/input/multiProcessingSensVacuumGripperAtTurntable,"{""value"": true, ""timestamp"": ""2025-05-12T12:01:25.145068+00:00Z""}",0,False,1747051429.4354963,0.00017118453979492188
PLC/Island 1/MultiProcessing/MultiProcessing01/measurements/input/multiProcessingSensVacuumGripperAtOven,"{""value"": false, ""timestamp"": ""2025-05-12T12:01:25.145241+00:00Z""}",0,False,1747051429.4356842,0.00018787384033203125
PLC/Island 1/MultiProcessing/MultiProcessing01/measurements/input/multiProcessingSensOvenFeederIn,"{""value"": false, ""timestamp"": ""2025-05-12T12:01:25.145367+00:00Z""}",0,False,1747051429.4358535,0.00016927719116210938
PLC/Island 1/MultiProcessing/MultiProcessing01/measurements/input/multiProcessingSensOvenFeederOut,"{""value"": true, ""timestamp"": ""2025-05-12T12:01:25.145488+00:00Z""}",0,False,1747051429.4360497,0.00019621849060058594
PLC/Island 1/MultiProcessing/MultiProcessing01/events/received/command,"{""value"": ""\""COMMAND MULTIPROCESSING 10 PROCESS1 []\"""", ""timestamp"": ""2025-05-12T12:01:32.475144+00:00Z""}",0,False,1747051436.7759366,0.04820370674133301
PLC/Island 1/MultiProcessing/MultiProcessing01/events/emitted/command_feedback,"{""value"": ""{\""jsonType\"": \""COMMAND_FEEDBACK\"", \""commandId\"": 10, \""status\"": \""MUST_CONTINUE\"", \""info\"": \""running subroutine 1/14: SubRoutine(waiting for payload)\\nLast subCycleStepResult: waiting for hold timer CycleStepResultEnum.MUST_CONTINUE\""}"", ""timestamp"": ""2025-05-12T12:01:32.483982+00:00Z""}",0,False,1747051436.7761142,0.00017762184143066406
PLC/Island 1/MultiProcessing/MultiProcessing01/measurements/internal/isExecuting,"{""value"": true, ""timestamp"": ""2025-05-12T12:01:32.488688+00:00Z""}",0,False,1747051436.7780957,0.00013947486877441406
PLC/Island 1/MultiProcessing/MultiProcessing01/events/emitted/machine_feedback,"{""value"": ""{\""jsonType\"": \""MACHINE_FEEDBACK\"", \""status\"": \""INITIALIZED_ACTIVE\"", \""info\"": \""\""}"", ""timestamp"": ""2025-05-12T12:01:32.528743+00:00Z""}",0,False,1747051436.8218727,0.0437769889831543
PLC/Island 1/MultiProcessing/MultiProcessing01/events/emitted/command_feedback,"{""value"": ""{\""jsonType\"": \""COMMAND_FEEDBACK\"", \""commandId\"": 10, \""status\"": \""MUST_CONTINUE\"", \""info\"": \""running subroutine 1/14: SubRoutine(waiting for payload)\\nLast subCycleStepResult: waiting for hold timer CycleStepResultEnum.MUST_CONTINUE\""}"", ""timestamp"": ""2025-05-12T12:01:32.532895+00:00Z""}",0,False,1747051436.82818,0.006307363510131836
PLC/Island 1/MultiProcessing/MultiProcessing01/measurements/output/multiProcessingActRotClockwise,"{""value"": false, ""timestamp"": ""2025-05-12T12:01:33.018405+00:00Z""}",0,False,1747051437.310602,0.48034095764160156
PLC/Island 1/MultiProcessing/MultiProcessing01/measurements/output/multiProcessingActRotCounterclockwise,"{""value"": false, ""timestamp"": ""2025-05-12T12:01:33.018795+00:00Z""}",0,False,1747051437.3107812,0.000179290771484375
PLC/Island 1/MultiProcessing/MultiProcessing01/measurements/output/multiProcessingActConveyorForward,"{""value"": false, ""timestamp"": ""2025-05-12T12:01:33.019040+00:00Z""}",0,False,1747051437.3110647,0.0002834796905517578
PLC/Island 1/MultiProcessing/MultiProcessing01/measurements/output/multiProcessingActSaw,"{""value"": false, ""timestamp"": ""2025-05-12T12:01:33.019237+00:00Z""}",0,False,1747051437.3111877,0.00012302398681640625
PLC/Island 1/MultiProcessing/MultiProcessing01/measurements/output/multiProcessingActOvenInward,"{""value"": false, ""timestamp"": ""2025-05-12T12:01:33.019460+00:00Z""}",0,False,1747051437.311296,0.00010824203491210938
PLC/Island 1/MultiProcessing/MultiProcessing01/measurements/output/multiProcessingActOvenOutward,"{""value"": false, ""timestamp"": ""2025-05-12T12:01:33.020214+00:00Z""}",0,False,1747051437.3114004,0.00010442733764648438
PLC/Island 1/MultiProcessing/MultiProcessing01/measurements/output/multiProcessingActGripperToOven,"{""value"": false, ""timestamp"": ""2025-05-12T12:01:33.020401+00:00Z""}",0,False,1747051437.3115072,0.0001068115234375
PLC/Island 1/MultiProcessing/MultiProcessing01/measurements/output/multiProcessingActGripperToTurntable,"{""value"": false, ""timestamp"": ""2025-05-12T12:01:33.020582+00:00Z""}",0,False,1747051437.3116188,0.00011157989501953125
PLC/Island 1/MultiProcessing/MultiProcessing01/measurements/output/multiProcessingOvenLight,"{""value"": false, ""timestamp"": ""2025-05-12T12:01:33.020843+00:00Z""}",0,False,1747051437.311729,0.00011014938354492188
PLC/Island 1/MultiProcessing/MultiProcessing01/measurements/output/multiProcessingCompressor,"{""value"": true, ""timestamp"": ""2025-05-12T12:01:33.021079+00:00Z""}",0,False,1747051437.3118255,9.655952453613281e-05
PLC/Island 1/MultiProcessing/MultiProcessing01/measurements/output/multiProcessingValveVacuum,"{""value"": false, ""timestamp"": ""2025-05-12T12:01:33.021277+00:00Z""}",0,False,1747051437.3119226,9.703636169433594e-05
PLC/Island 1/MultiProcessing/MultiProcessing01/measurements/output/multiProcessingActLowerValve,"{""value"": false, ""timestamp"": ""2025-05-12T12:01:33.022043+00:00Z""}",0,False,1747051437.3120484,0.000125885009765625
PLC/Island 1/MultiProcessing/MultiProcessing01/measurements/output/multiProcessingValveOvenDoor,"{""value"": true, ""timestamp"": ""2025-05-12T12:01:33.022229+00:00Z""}",0,False,1747051437.3121517,0.00010323524475097656
PLC/Island 1/MultiProcessing/MultiProcessing01/measurements/output/multiProcessingValveFeeder,"{""value"": false, ""timestamp"": ""2025-05-12T12:01:33.022611+00:00Z""}",0,False,1747051437.3126068,0.0004551410675048828
PLC/Island 1/MultiProcessing/MultiProcessing01/measurements/output/multiProcessingActRotClockwise,"{""value"": false, ""timestamp"": ""2025-05-12T12:01:33.218364+00:00Z""}",0,False,1747051437.5083709,0.19576406478881836
PLC/Island 1/MultiProcessing/MultiProcessing01/measurements/output/multiProcessingActRotCounterclockwise,"{""value"": false, ""timestamp"": ""2025-05-12T12:01:33.218688+00:00Z""}",0,False,1747051437.5094545,0.0010836124420166016
PLC/Island 1/MultiProcessing/MultiProcessing01/measurements/output/multiProcessingActConveyorForward,"{""value"": false, ""timestamp"": ""2025-05-12T12:01:33.218964+00:00Z""}",0,False,1747051437.509806,0.0003514289855957031
PLC/Island 1/MultiProcessing/MultiProcessing01/measurements/output/multiProcessingActSaw,"{""value"": false, ""timestamp"": ""2025-05-12T12:01:33.219173+00:00Z""}",0,False,1747051437.5099392,0.00013327598571777344
PLC/Island 1/MultiProcessing/MultiProcessing01/measurements/output/multiProcessingActOvenInward,"{""value"": true, ""timestamp"": ""2025-05-12T12:01:33.219320+00:00Z""}",0,False,1747051437.5100644,0.0001251697540283203
PLC/Island 1/MultiProcessing/MultiProcessing01/measurements/output/multiProcessingActOvenOutward,"{""value"": false, ""timestamp"": ""2025-05-12T12:01:33.219460+00:00Z""}",0,False,1747051437.5101633,9.894371032714844e-05
PLC/Island 1/MultiProcessing/MultiProcessing01/measurements/output/multiProcessingActGripperToOven,"{""value"": false, ""timestamp"": ""2025-05-12T12:01:33.219597+00:00Z""}",0,False,1747051437.510265,0.00010180473327636719
PLC/Island 1/MultiProcessing/MultiProcessing01/measurements/output/multiProcessingActGripperToTurntable,"{""value"": false, ""timestamp"": ""2025-05-12T12:01:33.219729+00:00Z""}",0,False,1747051437.5103633,9.822845458984375e-05
PLC/Island 1/MultiProcessing/MultiProcessing01/measurements/output/multiProcessingOvenLight,"{""value"": false, ""timestamp"": ""2025-05-12T12:01:33.219867+00:00Z""}",0,False,1747051437.5105407,0.0001773834228515625
PLC/Island 1/MultiProcessing/MultiProcessing01/measurements/output/multiProcessingCompressor,"{""value"": true, ""timestamp"": ""2025-05-12T12:01:33.220004+00:00Z""}",0,False,1747051437.510832,0.0002913475036621094
PLC/Island 1/MultiProcessing/MultiProcessing01/measurements/output/multiProcessingValveVacuum,"{""value"": false, ""timestamp"": ""2025-05-12T12:01:33.220139+00:00Z""}",0,False,1747051437.5110216,0.0001895427703857422
PLC/Island 1/MultiProcessing/MultiProcessing01/measurements/output/multiProcessingActLowerValve,"{""value"": false, ""timestamp"": ""2025-05-12T12:01:33.220267+00:00Z""}",0,False,1747051437.5111747,0.00015306472778320312
PLC/Island 1/MultiProcessing/MultiProcessing01/measurements/output/multiProcessingValveOvenDoor,"{""value"": true, ""timestamp"": ""2025-05-12T12:01:33.220396+00:00Z""}",0,False,1747051437.5113258,0.00015115737915039062
PLC/Island 1/MultiProcessing/MultiProcessing01/measurements/output/multiProcessingValveFeeder,"{""value"": false, ""timestamp"": ""2025-05-12T12:01:33.220549+00:00Z""}",0,False,1747051437.5114875,0.00016164779663085938
PLC/Island 1/MultiProcessing/MultiProcessing01/measurements/input/multiProcessingSensTurntablePosVacuum,"{""value"": true, ""timestamp"": ""2025-05-12T12:01:33.420428+00:00Z""}",0,False,1747051437.7109773,0.19948983192443848
PLC/Island 1/MultiProcessing/MultiProcessing01/measurements/input/multiProcessingSensTurntablePosBelt,"{""value"": false, ""timestamp"": ""2025-05-12T12:01:33.420759+00:00Z""}",0,False,1747051437.7111824,0.00020503997802734375
PLC/Island 1/MultiProcessing/MultiProcessing01/measurements/input/multiProcessingSensTurntablePosSaw,"{""value"": false, ""timestamp"": ""2025-05-12T12:01:33.420975+00:00Z""}",0,False,1747051437.7113104,0.00012803077697753906
PLC/Island 1/MultiProcessing/MultiProcessing01/measurements/input/multiProcessingSensEndConveyor,"{""value"": true, ""timestamp"": ""2025-05-12T12:01:33.421721+00:00Z""}",0,False,1747051437.7114396,0.00012922286987304688
PLC/Island 1/MultiProcessing/MultiProcessing01/measurements/input/multiProcessingSensOven,"{""value"": false, ""timestamp"": ""2025-05-12T12:01:33.422059+00:00Z""}",0,False,1747051437.7116554,0.00021576881408691406
PLC/Island 1/MultiProcessing/MultiProcessing01/measurements/input/multiProcessingSensVacuumGripperAtTurntable,"{""value"": true, ""timestamp"": ""2025-05-12T12:01:33.422332+00:00Z""}",0,False,1747051437.7122164,0.0005609989166259766
PLC/Island 1/MultiProcessing/MultiProcessing01/measurements/input/multiProcessingSensVacuumGripperAtOven,"{""value"": false, ""timestamp"": ""2025-05-12T12:01:33.422521+00:00Z""}",0,False,1747051437.7124164,0.00020003318786621094
PLC/Island 1/MultiProcessing/MultiProcessing01/measurements/input/multiProcessingSensOvenFeederIn,"{""value"": false, ""timestamp"": ""2025-05-12T12:01:33.422664+00:00Z""}",0,False,1747051437.7125885,0.00017213821411132812
PLC/Island 1/MultiProcessing/MultiProcessing01/measurements/input/multiProcessingSensOvenFeederOut,"{""value"": false, ""timestamp"": ""2025-05-12T12:01:33.422791+00:00Z""}",0,False,1747051437.7128148,0.0002262592315673828
PLC/Island 1/MultiProcessing/MultiProcessing01/measurements/input/multiProcessingSensTurntablePosVacuum,"{""value"": true, ""timestamp"": ""2025-05-12T12:01:34.304886+00:00Z""}",0,False,1747051438.6004672,0.8876523971557617
PLC/Island 1/MultiProcessing/MultiProcessing01/measurements/input/multiProcessingSensTurntablePosBelt,"{""value"": false, ""timestamp"": ""2025-05-12T12:01:34.305254+00:00Z""}",0,False,1747051438.60061,0.00014281272888183594
PLC/Island 1/MultiProcessing/MultiProcessing01/measurements/input/multiProcessingSensTurntablePosSaw,"{""value"": false, ""timestamp"": ""2025-05-12T12:01:34.305474+00:00Z""}",0,False,1747051438.6007717,0.00016164779663085938
PLC/Island 1/MultiProcessing/MultiProcessing01/measurements/input/multiProcessingSensEndConveyor,"{""value"": true, ""timestamp"": ""2025-05-12T12:01:34.305794+00:00Z""}",0,False,1747051438.6009386,0.00016689300537109375
PLC/Island 1/MultiProcessing/MultiProcessing01/measurements/input/multiProcessingSensOven,"{""value"": true, ""timestamp"": ""2025-05-12T12:01:34.306067+00:00Z""}",0,False,1747051438.601075,0.00013637542724609375
PLC/Island 1/MultiProcessing/MultiProcessing01/measurements/input/multiProcessingSensVacuumGripperAtTurntable,"{""value"": true, ""timestamp"": ""2025-05-12T12:01:34.306957+00:00Z""}",0,False,1747051438.6011977,0.0001227855682373047
PLC/Island 1/MultiProcessing/MultiProcessing01/measurements/input/multiProcessingSensVacuumGripperAtOven,"{""value"": false, ""timestamp"": ""2025-05-12T12:01:34.311318+00:00Z""}",0,False,1747051438.6021454,0.0009477138519287109
PLC/Island 1/MultiProcessing/MultiProcessing01/measurements/input/multiProcessingSensOvenFeederIn,"{""value"": false, ""timestamp"": ""2025-05-12T12:01:34.311785+00:00Z""}",0,False,1747051438.6025014,0.0003559589385986328
PLC/Island 1/MultiProcessing/MultiProcessing01/measurements/input/multiProcessingSensOvenFeederOut,"{""value"": false, ""timestamp"": ""2025-05-12T12:01:34.312175+00:00Z""}",0,False,1747051438.6026073,0.00010585784912109375
PLC/Island 1/MultiProcessing/MultiProcessing01/measurements/input/multiProcessingSensTurntablePosVacuum,"{""value"": true, ""timestamp"": ""2025-05-12T12:01:35.432296+00:00Z""}",0,False,1747051439.7212644,1.118657112121582
PLC/Island 1/MultiProcessing/MultiProcessing01/measurements/input/multiProcessingSensTurntablePosBelt,"{""value"": false, ""timestamp"": ""2025-05-12T12:01:35.432801+00:00Z""}",0,False,1747051439.7216086,0.00034427642822265625
PLC/Island 1/MultiProcessing/MultiProcessing01/measurements/input/multiProcessingSensTurntablePosSaw,"{""value"": false, ""timestamp"": ""2025-05-12T12:01:35.433154+00:00Z""}",0,False,1747051439.7236102,0.002001523971557617
PLC/Island 1/MultiProcessing/MultiProcessing01/measurements/input/multiProcessingSensEndConveyor,"{""value"": true, ""timestamp"": ""2025-05-12T12:01:35.434113+00:00Z""}",0,False,1747051439.7272983,0.0036880970001220703
PLC/Island 1/MultiProcessing/MultiProcessing01/measurements/input/multiProcessingSensOven,"{""value"": true, ""timestamp"": ""2025-05-12T12:01:35.434532+00:00Z""}",0,False,1747051439.7274265,0.00012826919555664062
PLC/Island 1/MultiProcessing/MultiProcessing01/measurements/input/multiProcessingSensVacuumGripperAtTurntable,"{""value"": true, ""timestamp"": ""2025-05-12T12:01:35.434939+00:00Z""}",0,False,1747051439.7275393,0.00011277198791503906
PLC/Island 1/MultiProcessing/MultiProcessing01/measurements/input/multiProcessingSensVacuumGripperAtOven,"{""value"": false, ""timestamp"": ""2025-05-12T12:01:35.435475+00:00Z""}",0,False,1747051439.7276492,0.00010991096496582031
PLC/Island 1/MultiProcessing/MultiProcessing01/measurements/input/multiProcessingSensOvenFeederIn,"{""value"": true, ""timestamp"": ""2025-05-12T12:01:35.435705+00:00Z""}",0,False,1747051439.7289512,0.0013020038604736328
PLC/Island 1/MultiProcessing/MultiProcessing01/measurements/input/multiProcessingSensOvenFeederOut,"{""value"": false, ""timestamp"": ""2025-05-12T12:01:35.435954+00:00Z""}",0,False,1747051439.7293715,0.0004203319549560547
PLC/Island 1/MultiProcessing/MultiProcessing01/measurements/output/multiProcessingActRotClockwise,"{""value"": false, ""timestamp"": ""2025-05-12T12:01:35.437261+00:00Z""}",0,False,1747051439.7294824,0.00011086463928222656
PLC/Island 1/MultiProcessing/MultiProcessing01/measurements/output/multiProcessingActRotCounterclockwise,"{""value"": false, ""timestamp"": ""2025-05-12T12:01:35.437639+00:00Z""}",0,False,1747051439.7296562,0.00017380714416503906
PLC/Island 1/MultiProcessing/MultiProcessing01/measurements/output/multiProcessingActConveyorForward,"{""value"": false, ""timestamp"": ""2025-05-12T12:01:35.438177+00:00Z""}",0,False,1747051439.729812,0.0001556873321533203
PLC/Island 1/MultiProcessing/MultiProcessing01/measurements/output/multiProcessingActSaw,"{""value"": false, ""timestamp"": ""2025-05-12T12:01:35.438353+00:00Z""}",0,False,1747051439.730019,0.0002071857452392578
PLC/Island 1/MultiProcessing/MultiProcessing01/measurements/output/multiProcessingActOvenInward,"{""value"": false, ""timestamp"": ""2025-05-12T12:01:35.438569+00:00Z""}",0,False,1747051439.731433,0.0014138221740722656
PLC/Island 1/MultiProcessing/MultiProcessing01/measurements/output/multiProcessingActOvenOutward,"{""value"": false, ""timestamp"": ""2025-05-12T12:01:35.438884+00:00Z""}",0,False,1747051439.7316628,0.00022983551025390625
PLC/Island 1/MultiProcessing/MultiProcessing01/measurements/output/multiProcessingActGripperToOven,"{""value"": false, ""timestamp"": ""2025-05-12T12:01:35.439337+00:00Z""}",0,False,1747051439.7318428,0.0001800060272216797
PLC/Island 1/MultiProcessing/MultiProcessing01/measurements/output/multiProcessingActGripperToTurntable,"{""value"": false, ""timestamp"": ""2025-05-12T12:01:35.439485+00:00Z""}",0,False,1747051439.73201,0.0001671314239501953
PLC/Island 1/MultiProcessing/MultiProcessing01/measurements/output/multiProcessingOvenLight,"{""value"": true, ""timestamp"": ""2025-05-12T12:01:35.439610+00:00Z""}",0,False,1747051439.732169,0.0001590251922607422
PLC/Island 1/MultiProcessing/MultiProcessing01/measurements/output/multiProcessingCompressor,"{""value"": false, ""timestamp"": ""2025-05-12T12:01:35.439808+00:00Z""}",0,False,1747051439.732319,0.00015020370483398438
PLC/Island 1/MultiProcessing/MultiProcessing01/measurements/output/multiProcessingValveVacuum,"{""value"": false, ""timestamp"": ""2025-05-12T12:01:35.439926+00:00Z""}",0,False,1747051439.7324677,0.00014853477478027344
PLC/Island 1/MultiProcessing/MultiProcessing01/measurements/output/multiProcessingActLowerValve,"{""value"": false, ""timestamp"": ""2025-05-12T12:01:35.440037+00:00Z""}",0,False,1747051439.7326255,0.00015783309936523438
PLC/Island 1/MultiProcessing/MultiProcessing01/measurements/output/multiProcessingValveOvenDoor,"{""value"": false, ""timestamp"": ""2025-05-12T12:01:35.440148+00:00Z""}",0,False,1747051439.732776,0.00015044212341308594
PLC/Island 1/MultiProcessing/MultiProcessing01/measurements/output/multiProcessingValveFeeder,"{""value"": false, ""timestamp"": ""2025-05-12T12:01:35.440472+00:00Z""}",0,False,1747051439.7329307,0.00015473365783691406
PLC/Island 1/MultiProcessing/MultiProcessing01/measurements/output/multiProcessingActRotClockwise,"{""value"": false, ""timestamp"": ""2025-05-12T12:01:37.450573+00:00Z""}",0,False,1747051441.7396128,2.0066821575164795
PLC/Island 1/MultiProcessing/MultiProcessing01/measurements/output/multiProcessingActRotCounterclockwise,"{""value"": false, ""timestamp"": ""2025-05-12T12:01:37.451145+00:00Z""}",0,False,1747051441.7403066,0.0006937980651855469
PLC/Island 1/MultiProcessing/MultiProcessing01/measurements/output/multiProcessingActConveyorForward,"{""value"": false, ""timestamp"": ""2025-05-12T12:01:37.452239+00:00Z""}",0,False,1747051441.741879,0.0015723705291748047
PLC/Island 1/MultiProcessing/MultiProcessing01/measurements/output/multiProcessingActSaw,"{""value"": false, ""timestamp"": ""2025-05-12T12:01:37.452806+00:00Z""}",0,False,1747051441.7436492,0.0017702579498291016
PLC/Island 1/MultiProcessing/MultiProcessing01/measurements/output/multiProcessingActOvenInward,"{""value"": false, ""timestamp"": ""2025-05-12T12:01:37.453207+00:00Z""}",0,False,1747051441.743814,0.0001647472381591797
PLC/Island 1/MultiProcessing/MultiProcessing01/measurements/output/multiProcessingActOvenOutward,"{""value"": true, ""timestamp"": ""2025-05-12T12:01:37.453512+00:00Z""}",0,False,1747051441.7440197,0.00020575523376464844
PLC/Island 1/MultiProcessing/MultiProcessing01/measurements/output/multiProcessingActGripperToOven,"{""value"": true, ""timestamp"": ""2025-05-12T12:01:37.453704+00:00Z""}",0,False,1747051441.7441232,0.00010347366333007812
PLC/Island 1/MultiProcessing/MultiProcessing01/measurements/output/multiProcessingActGripperToTurntable,"{""value"": false, ""timestamp"": ""2025-05-12T12:01:37.453868+00:00Z""}",0,False,1747051441.7445343,0.00041103363037109375
PLC/Island 1/MultiProcessing/MultiProcessing01/measurements/output/multiProcessingOvenLight,"{""value"": false, ""timestamp"": ""2025-05-12T12:01:37.454062+00:00Z""}",0,False,1747051441.744714,0.00017976760864257812
PLC/Island 1/MultiProcessing/MultiProcessing01/measurements/output/multiProcessingCompressor,"{""value"": false, ""timestamp"": ""2025-05-12T12:01:37.454410+00:00Z""}",0,False,1747051441.744945,0.00023102760314941406
PLC/Island 1/MultiProcessing/MultiProcessing01/measurements/output/multiProcessingValveVacuum,"{""value"": false, ""timestamp"": ""2025-05-12T12:01:37.454786+00:00Z""}",0,False,1747051441.7451813,0.00023627281188964844
PLC/Island 1/MultiProcessing/MultiProcessing01/measurements/output/multiProcessingActLowerValve,"{""value"": false, ""timestamp"": ""2025-05-12T12:01:37.455175+00:00Z""}",0,False,1747051441.7453725,0.00019121170043945312
PLC/Island 1/MultiProcessing/MultiProcessing01/measurements/output/multiProcessingValveOvenDoor,"{""value"": false, ""timestamp"": ""2025-05-12T12:01:37.455373+00:00Z""}",0,False,1747051441.7455063,0.00013375282287597656
PLC/Island 1/MultiProcessing/MultiProcessing01/measurements/output/multiProcessingValveFeeder,"{""value"": false, ""timestamp"": ""2025-05-12T12:01:37.455645+00:00Z""}",0,False,1747051441.745643,0.0001366138458251953
PLC/Island 1/MultiProcessing/MultiProcessing01/measurements/input/multiProcessingSensTurntablePosVacuum,"{""value"": true, ""timestamp"": ""2025-05-12T12:01:37.690867+00:00Z""}",0,False,1747051441.9812298,0.23558688163757324
PLC/Island 1/MultiProcessing/MultiProcessing01/measurements/input/multiProcessingSensTurntablePosBelt,"{""value"": false, ""timestamp"": ""2025-05-12T12:01:37.691260+00:00Z""}",0,False,1747051441.9814515,0.00022172927856445312
PLC/Island 1/MultiProcessing/MultiProcessing01/measurements/input/multiProcessingSensTurntablePosSaw,"{""value"": false, ""timestamp"": ""2025-05-12T12:01:37.691601+00:00Z""}",0,False,1747051441.981739,0.0002875328063964844
PLC/Island 1/MultiProcessing/MultiProcessing01/measurements/input/multiProcessingSensEndConveyor,"{""value"": true, ""timestamp"": ""2025-05-12T12:01:37.691897+00:00Z""}",0,False,1747051441.9864955,0.004756450653076172
PLC/Island 1/MultiProcessing/MultiProcessing01/measurements/input/multiProcessingSensOven,"{""value"": true, ""timestamp"": ""2025-05-12T12:01:37.692142+00:00Z""}",0,False,1747051441.9867282,0.000232696533203125
PLC/Island 1/MultiProcessing/MultiProcessing01/measurements/input/multiProcessingSensVacuumGripperAtTurntable,"{""value"": false, ""timestamp"": ""2025-05-12T12:01:37.692318+00:00Z""}",0,False,1747051441.9868815,0.0001533031463623047
PLC/Island 1/MultiProcessing/MultiProcessing01/measurements/input/multiProcessingSensVacuumGripperAtOven,"{""value"": false, ""timestamp"": ""2025-05-12T12:01:37.692487+00:00Z""}",0,False,1747051441.9874933,0.0006117820739746094
PLC/Island 1/MultiProcessing/MultiProcessing01/measurements/input/multiProcessingSensOvenFeederIn,"{""value"": false, ""timestamp"": ""2025-05-12T12:01:37.692682+00:00Z""}",0,False,1747051441.987805,0.0003116130828857422
PLC/Island 1/MultiProcessing/MultiProcessing01/measurements/input/multiProcessingSensOvenFeederOut,"{""value"": false, ""timestamp"": ""2025-05-12T12:01:37.693046+00:00Z""}",0,False,1747051441.9880872,0.00028228759765625
PLC/Island 1/MultiProcessing/MultiProcessing01/measurements/output/multiProcessingActRotClockwise,"{""value"": false, ""timestamp"": ""2025-05-12T12:01:37.694157+00:00Z""}",0,False,1747051441.9883747,0.0002875328063964844
PLC/Island 1/MultiProcessing/MultiProcessing01/measurements/output/multiProcessingActRotCounterclockwise,"{""value"": false, ""timestamp"": ""2025-05-12T12:01:37.694764+00:00Z""}",0,False,1747051441.9885778,0.00020313262939453125
PLC/Island 1/MultiProcessing/MultiProcessing01/measurements/output/multiProcessingActConveyorForward,"{""value"": false, ""timestamp"": ""2025-05-12T12:01:37.694970+00:00Z""}",0,False,1747051441.9887586,0.00018072128295898438
PLC/Island 1/MultiProcessing/MultiProcessing01/measurements/output/multiProcessingActSaw,"{""value"": false, ""timestamp"": ""2025-05-12T12:01:37.695258+00:00Z""}",0,False,1747051441.9889557,0.0001971721649169922
PLC/Island 1/MultiProcessing/MultiProcessing01/measurements/output/multiProcessingActOvenInward,"{""value"": false, ""timestamp"": ""2025-05-12T12:01:37.695613+00:00Z""}",0,False,1747051441.9895506,0.0005948543548583984
PLC/Island 1/MultiProcessing/MultiProcessing01/measurements/output/multiProcessingActOvenOutward,"{""value"": true, ""timestamp"": ""2025-05-12T12:01:37.695943+00:00Z""}",0,False,1747051441.9899194,0.0003688335418701172
PLC/Island 1/MultiProcessing/MultiProcessing01/measurements/output/multiProcessingActGripperToOven,"{""value"": true, ""timestamp"": ""2025-05-12T12:01:37.696282+00:00Z""}",0,False,1747051441.9900928,0.00017333030700683594
PLC/Island 1/MultiProcessing/MultiProcessing01/measurements/output/multiProcessingActGripperToTurntable,"{""value"": false, ""timestamp"": ""2025-05-12T12:01:37.697113+00:00Z""}",0,False,1747051441.9902656,0.0001728534698486328
PLC/Island 1/MultiProcessing/MultiProcessing01/measurements/output/multiProcessingOvenLight,"{""value"": false, ""timestamp"": ""2025-05-12T12:01:37.697470+00:00Z""}",0,False,1747051441.990435,0.00016927719116210938
PLC/Island 1/MultiProcessing/MultiProcessing01/measurements/output/multiProcessingCompressor,"{""value"": true, ""timestamp"": ""2025-05-12T12:01:37.697754+00:00Z""}",0,False,1747051441.9905975,0.00016260147094726562
PLC/Island 1/MultiProcessing/MultiProcessing01/measurements/output/multiProcessingValveVacuum,"{""value"": false, ""timestamp"": ""2025-05-12T12:01:37.698068+00:00Z""}",0,False,1747051441.9907699,0.0001723766326904297
PLC/Island 1/MultiProcessing/MultiProcessing01/measurements/output/multiProcessingActLowerValve,"{""value"": false, ""timestamp"": ""2025-05-12T12:01:37.698334+00:00Z""}",0,False,1747051441.990943,0.00017309188842773438
PLC/Island 1/MultiProcessing/MultiProcessing01/measurements/output/multiProcessingValveOvenDoor,"{""value"": true, ""timestamp"": ""2025-05-12T12:01:37.699155+00:00Z""}",0,False,1747051441.9911175,0.00017452239990234375
PLC/Island 1/MultiProcessing/MultiProcessing01/measurements/output/multiProcessingValveFeeder,"{""value"": false, ""timestamp"": ""2025-05-12T12:01:37.699399+00:00Z""}",0,False,1747051441.9912956,0.0001780986785888672
PLC/Island 1/MultiProcessing/MultiProcessing01/measurements/input/multiProcessingSensTurntablePosVacuum,"{""value"": true, ""timestamp"": ""2025-05-12T12:01:39.100464+00:00Z""}",0,False,1747051443.3909938,1.399698257446289
PLC/Island 1/MultiProcessing/MultiProcessing01/measurements/input/multiProcessingSensTurntablePosBelt,"{""value"": false, ""timestamp"": ""2025-05-12T12:01:39.100899+00:00Z""}",0,False,1747051443.3912501,0.0002562999725341797
PLC/Island 1/MultiProcessing/MultiProcessing01/measurements/input/multiProcessingSensTurntablePosSaw,"{""value"": false, ""timestamp"": ""2025-05-12T12:01:39.101212+00:00Z""}",0,False,1747051443.3917797,0.0005295276641845703
PLC/Island 1/MultiProcessing/MultiProcessing01/measurements/input/multiProcessingSensEndConveyor,"{""value"": true, ""timestamp"": ""2025-05-12T12:01:39.101494+00:00Z""}",0,False,1747051443.3921223,0.0003426074981689453
PLC/Island 1/MultiProcessing/MultiProcessing01/measurements/input/multiProcessingSensOven,"{""value"": false, ""timestamp"": ""2025-05-12T12:01:39.101850+00:00Z""}",0,False,1747051443.39231,0.0001876354217529297
PLC/Island 1/MultiProcessing/MultiProcessing01/measurements/input/multiProcessingSensVacuumGripperAtTurntable,"{""value"": false, ""timestamp"": ""2025-05-12T12:01:39.102617+00:00Z""}",0,False,1747051443.392928,0.00061798095703125
PLC/Island 1/MultiProcessing/MultiProcessing01/measurements/input/multiProcessingSensVacuumGripperAtOven,"{""value"": false, ""timestamp"": ""2025-05-12T12:01:39.103065+00:00Z""}",0,False,1747051443.3931584,0.00023055076599121094
PLC/Island 1/MultiProcessing/MultiProcessing01/measurements/input/multiProcessingSensOvenFeederIn,"{""value"": false, ""timestamp"": ""2025-05-12T12:01:39.103477+00:00Z""}",0,False,1747051443.3932846,0.00012612342834472656
PLC/Island 1/MultiProcessing/MultiProcessing01/measurements/input/multiProcessingSensOvenFeederOut,"{""value"": false, ""timestamp"": ""2025-05-12T12:01:39.103834+00:00Z""}",0,False,1747051443.3934042,0.00011968612670898438
PLC/Island 1/MultiProcessing/MultiProcessing01/measurements/input/multiProcessingSensTurntablePosVacuum,"{""value"": true, ""timestamp"": ""2025-05-12T12:01:39.664302+00:00Z""}",0,False,1747051443.9532704,0.559866189956665
PLC/Island 1/MultiProcessing/MultiProcessing01/measurements/input/multiProcessingSensTurntablePosBelt,"{""value"": false, ""timestamp"": ""2025-05-12T12:01:39.664700+00:00Z""}",0,False,1747051443.9534705,0.00020003318786621094
PLC/Island 1/MultiProcessing/MultiProcessing01/measurements/input/multiProcessingSensTurntablePosSaw,"{""value"": false, ""timestamp"": ""2025-05-12T12:01:39.664937+00:00Z""}",0,False,1747051443.9566152,0.0031447410583496094
PLC/Island 1/MultiProcessing/MultiProcessing01/measurements/input/multiProcessingSensEndConveyor,"{""value"": true, ""timestamp"": ""2025-05-12T12:01:39.665239+00:00Z""}",0,False,1747051443.9576206,0.001005411148071289
PLC/Island 1/MultiProcessing/MultiProcessing01/measurements/input/multiProcessingSensOven,"{""value"": false, ""timestamp"": ""2025-05-12T12:01:39.665487+00:00Z""}",0,False,1747051443.9586465,0.0010259151458740234
PLC/Island 1/MultiProcessing/MultiProcessing01/measurements/input/multiProcessingSensVacuumGripperAtTurntable,"{""value"": false, ""timestamp"": ""2025-05-12T12:01:39.665756+00:00Z""}",0,False,1747051443.9607093,0.0020627975463867188
PLC/Island 1/MultiProcessing/MultiProcessing01/measurements/input/multiProcessingSensVacuumGripperAtOven,"{""value"": false, ""timestamp"": ""2025-05-12T12:01:39.665950+00:00Z""}",0,False,1747051443.9610217,0.0003123283386230469
PLC/Island 1/MultiProcessing/MultiProcessing01/measurements/input/multiProcessingSensOvenFeederIn,"{""value"": false, ""timestamp"": ""2025-05-12T12:01:39.666178+00:00Z""}",0,False,1747051443.9611764,0.00015473365783691406
PLC/Island 1/MultiProcessing/MultiProcessing01/measurements/input/multiProcessingSensOvenFeederOut,"{""value"": true, ""timestamp"": ""2025-05-12T12:01:39.667063+00:00Z""}",0,False,1747051443.961448,0.0002715587615966797
PLC/Island 1/MultiProcessing/MultiProcessing01/measurements/output/multiProcessingActRotClockwise,"{""value"": false, ""timestamp"": ""2025-05-12T12:01:39.669561+00:00Z""}",0,False,1747051443.9618256,0.000377655029296875
PLC/Island 1/MultiProcessing/MultiProcessing01/measurements/output/multiProcessingActRotCounterclockwise,"{""value"": false, ""timestamp"": ""2025-05-12T12:01:39.669889+00:00Z""}",0,False,1747051443.9620643,0.00023865699768066406
PLC/Island 1/MultiProcessing/MultiProcessing01/measurements/output/multiProcessingActConveyorForward,"{""value"": false, ""timestamp"": ""2025-05-12T12:01:39.670109+00:00Z""}",0,False,1747051443.9622447,0.0001804828643798828
PLC/Island 1/MultiProcessing/MultiProcessing01/measurements/output/multiProcessingActSaw,"{""value"": false, ""timestamp"": ""2025-05-12T12:01:39.670339+00:00Z""}",0,False,1747051443.9624066,0.00016188621520996094
PLC/Island 1/MultiProcessing/MultiProcessing01/measurements/output/multiProcessingActOvenInward,"{""value"": false, ""timestamp"": ""2025-05-12T12:01:39.670644+00:00Z""}",0,False,1747051443.9625683,0.00016164779663085938
PLC/Island 1/MultiProcessing/MultiProcessing01/measurements/output/multiProcessingActOvenOutward,"{""value"": false, ""timestamp"": ""2025-05-12T12:01:39.670930+00:00Z""}",0,False,1747051443.962728,0.00015974044799804688
PLC/Island 1/MultiProcessing/MultiProcessing01/measurements/output/multiProcessingActGripperToOven,"{""value"": true, ""timestamp"": ""2025-05-12T12:01:39.671103+00:00Z""}",0,False,1747051443.9628806,0.000152587890625
PLC/Island 1/MultiProcessing/MultiProcessing01/measurements/output/multiProcessingActGripperToTurntable,"{""value"": false, ""timestamp"": ""2025-05-12T12:01:39.671230+00:00Z""}",0,False,1747051443.963082,0.0002014636993408203
PLC/Island 1/MultiProcessing/MultiProcessing01/measurements/output/multiProcessingOvenLight,"{""value"": false, ""timestamp"": ""2025-05-12T12:01:39.671391+00:00Z""}",0,False,1747051443.96323,0.00014781951904296875
PLC/Island 1/MultiProcessing/MultiProcessing01/measurements/output/multiProcessingCompressor,"{""value"": false, ""timestamp"": ""2025-05-12T12:01:39.671613+00:00Z""}",0,False,1747051443.9633596,0.00012969970703125
PLC/Island 1/MultiProcessing/MultiProcessing01/measurements/output/multiProcessingValveVacuum,"{""value"": false, ""timestamp"": ""2025-05-12T12:01:39.671788+00:00Z""}",0,False,1747051443.9635122,0.000152587890625
PLC/Island 1/MultiProcessing/MultiProcessing01/measurements/output/multiProcessingActLowerValve,"{""value"": false, ""timestamp"": ""2025-05-12T12:01:39.671945+00:00Z""}",0,False,1747051443.9636545,0.0001423358917236328
PLC/Island 1/MultiProcessing/MultiProcessing01/measurements/output/multiProcessingValveOvenDoor,"{""value"": false, ""timestamp"": ""2025-05-12T12:01:39.672031+00:00Z""}",0,False,1747051443.9637935,0.00013899803161621094
PLC/Island 1/MultiProcessing/MultiProcessing01/measurements/output/multiProcessingValveFeeder,"{""value"": false, ""timestamp"": ""2025-05-12T12:01:39.672105+00:00Z""}",0,False,1747051443.9639301,0.0001366138458251953
PLC/Island 1/MultiProcessing/MultiProcessing01/measurements/input/multiProcessingSensTurntablePosVacuum,"{""value"": true, ""timestamp"": ""2025-05-12T12:01:45.669349+00:00Z""}",0,False,1747051449.9585092,5.994579076766968
PLC/Island 1/MultiProcessing/MultiProcessing01/measurements/input/multiProcessingSensTurntablePosBelt,"{""value"": false, ""timestamp"": ""2025-05-12T12:01:45.669898+00:00Z""}",0,False,1747051449.9587605,0.0002512931823730469
PLC/Island 1/MultiProcessing/MultiProcessing01/measurements/input/multiProcessingSensTurntablePosSaw,"{""value"": false, ""timestamp"": ""2025-05-12T12:01:45.670286+00:00Z""}",0,False,1747051449.959388,0.0006275177001953125
PLC/Island 1/MultiProcessing/MultiProcessing01/measurements/input/multiProcessingSensEndConveyor,"{""value"": true, ""timestamp"": ""2025-05-12T12:01:45.670678+00:00Z""}",0,False,1747051449.9609823,0.0015943050384521484
PLC/Island 1/MultiProcessing/MultiProcessing01/measurements/input/multiProcessingSensOven,"{""value"": false, ""timestamp"": ""2025-05-12T12:01:45.671786+00:00Z""}",0,False,1747051449.9619246,0.000942230224609375
PLC/Island 1/MultiProcessing/MultiProcessing01/measurements/input/multiProcessingSensVacuumGripperAtTurntable,"{""value"": false, ""timestamp"": ""2025-05-12T12:01:45.672166+00:00Z""}",0,False,1747051449.962401,0.0004763603210449219
PLC/Island 1/MultiProcessing/MultiProcessing01/measurements/input/multiProcessingSensVacuumGripperAtOven,"{""value"": true, ""timestamp"": ""2025-05-12T12:01:45.672888+00:00Z""}",0,False,1747051449.9628172,0.0004162788391113281
PLC/Island 1/MultiProcessing/MultiProcessing01/measurements/input/multiProcessingSensOvenFeederIn,"{""value"": false, ""timestamp"": ""2025-05-12T12:01:45.673404+00:00Z""}",0,False,1747051449.9673467,0.004529476165771484
PLC/Island 1/MultiProcessing/MultiProcessing01/measurements/input/multiProcessingSensOvenFeederOut,"{""value"": true, ""timestamp"": ""2025-05-12T12:01:45.674083+00:00Z""}",0,False,1747051449.9675696,0.00022292137145996094
PLC/Island 1/MultiProcessing/MultiProcessing01/measurements/output/multiProcessingActRotClockwise,"{""value"": false, ""timestamp"": ""2025-05-12T12:01:45.675844+00:00Z""}",0,False,1747051449.967838,0.0002684593200683594
PLC/Island 1/MultiProcessing/MultiProcessing01/measurements/output/multiProcessingActRotCounterclockwise,"{""value"": false, ""timestamp"": ""2025-05-12T12:01:45.676207+00:00Z""}",0,False,1747051449.9681425,0.0003044605255126953
PLC/Island 1/MultiProcessing/MultiProcessing01/measurements/output/multiProcessingActConveyorForward,"{""value"": false, ""timestamp"": ""2025-05-12T12:01:45.676401+00:00Z""}",0,False,1747051449.9684386,0.0002961158752441406
PLC/Island 1/MultiProcessing/MultiProcessing01/measurements/output/multiProcessingActSaw,"{""value"": false, ""timestamp"": ""2025-05-12T12:01:45.676575+00:00Z""}",0,False,1747051449.9687417,0.00030303001403808594
PLC/Island 1/MultiProcessing/MultiProcessing01/measurements/output/multiProcessingActOvenInward,"{""value"": false, ""timestamp"": ""2025-05-12T12:01:45.676986+00:00Z""}",0,False,1747051449.9689932,0.00025153160095214844
PLC/Island 1/MultiProcessing/MultiProcessing01/measurements/output/multiProcessingActOvenOutward,"{""value"": false, ""timestamp"": ""2025-05-12T12:01:45.677240+00:00Z""}",0,False,1747051449.9695222,0.0005290508270263672
PLC/Island 1/MultiProcessing/MultiProcessing01/measurements/output/multiProcessingActGripperToOven,"{""value"": false, ""timestamp"": ""2025-05-12T12:01:45.677437+00:00Z""}",0,False,1747051449.9697511,0.0002288818359375
PLC/Island 1/MultiProcessing/MultiProcessing01/measurements/output/multiProcessingActGripperToTurntable,"{""value"": false, ""timestamp"": ""2025-05-12T12:01:45.677605+00:00Z""}",0,False,1747051449.9698954,0.0001442432403564453
PLC/Island 1/MultiProcessing/MultiProcessing01/measurements/output/multiProcessingOvenLight,"{""value"": false, ""timestamp"": ""2025-05-12T12:01:45.677750+00:00Z""}",0,False,1747051449.9700954,0.00020003318786621094
PLC/Island 1/MultiProcessing/MultiProcessing01/measurements/output/multiProcessingCompressor,"{""value"": true, ""timestamp"": ""2025-05-12T12:01:45.677877+00:00Z""}",0,False,1747051449.9703162,0.00022077560424804688
PLC/Island 1/MultiProcessing/MultiProcessing01/measurements/output/multiProcessingValveVacuum,"{""value"": false, ""timestamp"": ""2025-05-12T12:01:45.678296+00:00Z""}",0,False,1747051449.9704757,0.0001595020294189453
PLC/Island 1/MultiProcessing/MultiProcessing01/measurements/output/multiProcessingActLowerValve,"{""value"": true, ""timestamp"": ""2025-05-12T12:01:45.678625+00:00Z""}",0,False,1747051449.970635,0.00015926361083984375
PLC/Island 1/MultiProcessing/MultiProcessing01/measurements/output/multiProcessingValveOvenDoor,"{""value"": false, ""timestamp"": ""2025-05-12T12:01:45.678771+00:00Z""}",0,False,1747051449.97079,0.00015497207641601562
PLC/Island 1/MultiProcessing/MultiProcessing01/measurements/output/multiProcessingValveFeeder,"{""value"": false, ""timestamp"": ""2025-05-12T12:01:45.678937+00:00Z""}",0,False,1747051449.9709542,0.00016427040100097656
PLC/Island 1/MultiProcessing/MultiProcessing01/measurements/output/multiProcessingActRotClockwise,"{""value"": false, ""timestamp"": ""2025-05-12T12:01:46.192561+00:00Z""}",0,False,1747051450.4834237,0.5124695301055908
PLC/Island 1/MultiProcessing/MultiProcessing01/measurements/output/multiProcessingActRotCounterclockwise,"{""value"": false, ""timestamp"": ""2025-05-12T12:01:46.192925+00:00Z""}",0,False,1747051450.4840171,0.0005934238433837891
PLC/Island 1/MultiProcessing/MultiProcessing01/measurements/output/multiProcessingActConveyorForward,"{""value"": false, ""timestamp"": ""2025-05-12T12:01:46.193133+00:00Z""}",0,False,1747051450.4844892,0.00047206878662109375
PLC/Island 1/MultiProcessing/MultiProcessing01/measurements/output/multiProcessingActSaw,"{""value"": false, ""timestamp"": ""2025-05-12T12:01:46.193425+00:00Z""}",0,False,1747051450.4848704,0.00038123130798339844
PLC/Island 1/MultiProcessing/MultiProcessing01/measurements/output/multiProcessingActOvenInward,"{""value"": false, ""timestamp"": ""2025-05-12T12:01:46.193628+00:00Z""}",0,False,1747051450.4854052,0.0005347728729248047
PLC/Island 1/MultiProcessing/MultiProcessing01/measurements/output/multiProcessingActOvenOutward,"{""value"": false, ""timestamp"": ""2025-05-12T12:01:46.193826+00:00Z""}",0,False,1747051450.4858484,0.0004432201385498047
PLC/Island 1/MultiProcessing/MultiProcessing01/measurements/output/multiProcessingActGripperToOven,"{""value"": false, ""timestamp"": ""2025-05-12T12:01:46.194084+00:00Z""}",0,False,1747051450.4862778,0.00042939186096191406
PLC/Island 1/MultiProcessing/MultiProcessing01/measurements/output/multiProcessingActGripperToTurntable,"{""value"": false, ""timestamp"": ""2025-05-12T12:01:46.194906+00:00Z""}",0,False,1747051450.4865117,0.0002338886260986328
PLC/Island 1/MultiProcessing/MultiProcessing01/measurements/output/multiProcessingOvenLight,"{""value"": false, ""timestamp"": ""2025-05-12T12:01:46.195270+00:00Z""}",0,False,1747051450.4874961,0.0009844303131103516
PLC/Island 1/MultiProcessing/MultiProcessing01/measurements/output/multiProcessingCompressor,"{""value"": true, ""timestamp"": ""2025-05-12T12:01:46.195611+00:00Z""}",0,False,1747051450.4877977,0.00030159950256347656
PLC/Island 1/MultiProcessing/MultiProcessing01/measurements/output/multiProcessingValveVacuum,"{""value"": true, ""timestamp"": ""2025-05-12T12:01:46.196019+00:00Z""}",0,False,1747051450.4880629,0.0002651214599609375
PLC/Island 1/MultiProcessing/MultiProcessing01/measurements/output/multiProcessingActLowerValve,"{""value"": true, ""timestamp"": ""2025-05-12T12:01:46.196790+00:00Z""}",0,False,1747051450.4882607,0.00019788742065429688
PLC/Island 1/MultiProcessing/MultiProcessing01/measurements/output/multiProcessingValveOvenDoor,"{""value"": false, ""timestamp"": ""2025-05-12T12:01:46.196978+00:00Z""}",0,False,1747051450.4884694,0.0002086162567138672
PLC/Island 1/MultiProcessing/MultiProcessing01/measurements/output/multiProcessingValveFeeder,"{""value"": false, ""timestamp"": ""2025-05-12T12:01:46.197243+00:00Z""}",0,False,1747051450.4886804,0.0002110004425048828
PLC/Island 1/MultiProcessing/MultiProcessing01/measurements/output/multiProcessingActRotClockwise,"{""value"": false, ""timestamp"": ""2025-05-12T12:01:46.720868+00:00Z""}",0,False,1747051451.009832,0.5211515426635742
PLC/Island 1/MultiProcessing/MultiProcessing01/measurements/output/multiProcessingActRotCounterclockwise,"{""value"": false, ""timestamp"": ""2025-05-12T12:01:46.721364+00:00Z""}",0,False,1747051451.0112996,0.0014677047729492188
PLC/Island 1/MultiProcessing/MultiProcessing01/measurements/output/multiProcessingActConveyorForward,"{""value"": false, ""timestamp"": ""2025-05-12T12:01:46.722281+00:00Z""}",0,False,1747051451.0156157,0.004316091537475586
PLC/Island 1/MultiProcessing/MultiProcessing01/measurements/output/multiProcessingActSaw,"{""value"": false, ""timestamp"": ""2025-05-12T12:01:46.722806+00:00Z""}",0,False,1747051451.0159674,0.0003516674041748047
PLC/Island 1/MultiProcessing/MultiProcessing01/measurements/output/multiProcessingActOvenInward,"{""value"": false, ""timestamp"": ""2025-05-12T12:01:46.723175+00:00Z""}",0,False,1747051451.016147,0.00017952919006347656
PLC/Island 1/MultiProcessing/MultiProcessing01/measurements/output/multiProcessingActOvenOutward,"{""value"": false, ""timestamp"": ""2025-05-12T12:01:46.723948+00:00Z""}",0,False,1747051451.0162554,0.00010848045349121094
PLC/Island 1/MultiProcessing/MultiProcessing01/measurements/output/multiProcessingActGripperToOven,"{""value"": false, ""timestamp"": ""2025-05-12T12:01:46.724482+00:00Z""}",0,False,1747051451.016341,8.559226989746094e-05
PLC/Island 1/MultiProcessing/MultiProcessing01/measurements/output/multiProcessingActGripperToTurntable,"{""value"": false, ""timestamp"": ""2025-05-12T12:01:46.724868+00:00Z""}",0,False,1747051451.0164828,0.0001418590545654297
PLC/Island 1/MultiProcessing/MultiProcessing01/measurements/output/multiProcessingOvenLight,"{""value"": false, ""timestamp"": ""2025-05-12T12:01:46.725056+00:00Z""}",0,False,1747051451.016562,7.915496826171875e-05
PLC/Island 1/MultiProcessing/MultiProcessing01/measurements/output/multiProcessingCompressor,"{""value"": true, ""timestamp"": ""2025-05-12T12:01:46.725481+00:00Z""}",0,False,1747051451.0168412,0.0002791881561279297
PLC/Island 1/MultiProcessing/MultiProcessing01/measurements/output/multiProcessingValveVacuum,"{""value"": true, ""timestamp"": ""2025-05-12T12:01:46.725766+00:00Z""}",0,False,1747051451.01722,0.0003788471221923828
PLC/Island 1/MultiProcessing/MultiProcessing01/measurements/output/multiProcessingActLowerValve,"{""value"": false, ""timestamp"": ""2025-05-12T12:01:46.726529+00:00Z""}",0,False,1747051451.018864,0.0016438961029052734
PLC/Island 1/MultiProcessing/MultiProcessing01/measurements/output/multiProcessingValveOvenDoor,"{""value"": false, ""timestamp"": ""2025-05-12T12:01:46.727003+00:00Z""}",0,False,1747051451.0192013,0.00033736228942871094
PLC/Island 1/MultiProcessing/MultiProcessing01/measurements/output/multiProcessingValveFeeder,"{""value"": false, ""timestamp"": ""2025-05-12T12:01:46.727553+00:00Z""}",0,False,1747051451.0193517,0.00015044212341308594
PLC/Island 1/MultiProcessing/MultiProcessing01/measurements/input/multiProcessingSensTurntablePosVacuum,"{""value"": true, ""timestamp"": ""2025-05-12T12:01:46.881229+00:00Z""}",0,False,1747051451.171426,0.15207433700561523
PLC/Island 1/MultiProcessing/MultiProcessing01/measurements/input/multiProcessingSensTurntablePosBelt,"{""value"": false, ""timestamp"": ""2025-05-12T12:01:46.881542+00:00Z""}",0,False,1747051451.1717267,0.0003006458282470703
PLC/Island 1/MultiProcessing/MultiProcessing01/measurements/input/multiProcessingSensTurntablePosSaw,"{""value"": false, ""timestamp"": ""2025-05-12T12:01:46.881741+00:00Z""}",0,False,1747051451.173061,0.0013341903686523438
PLC/Island 1/MultiProcessing/MultiProcessing01/measurements/input/multiProcessingSensEndConveyor,"{""value"": true, ""timestamp"": ""2025-05-12T12:01:46.881907+00:00Z""}",0,False,1747051451.173359,0.0002980232238769531
PLC/Island 1/MultiProcessing/MultiProcessing01/measurements/input/multiProcessingSensOven,"{""value"": true, ""timestamp"": ""2025-05-12T12:01:46.882590+00:00Z""}",0,False,1747051451.1733975,3.8623809814453125e-05
PLC/Island 1/MultiProcessing/MultiProcessing01/measurements/input/multiProcessingSensVacuumGripperAtTurntable,"{""value"": false, ""timestamp"": ""2025-05-12T12:01:46.882729+00:00Z""}",0,False,1747051451.1734211,2.3603439331054688e-05
PLC/Island 1/MultiProcessing/MultiProcessing01/measurements/input/multiProcessingSensVacuumGripperAtOven,"{""value"": true, ""timestamp"": ""2025-05-12T12:01:46.882853+00:00Z""}",0,False,1747051451.1734467,2.5510787963867188e-05
PLC/Island 1/MultiProcessing/MultiProcessing01/measurements/input/multiProcessingSensOvenFeederIn,"{""value"": false, ""timestamp"": ""2025-05-12T12:01:46.882974+00:00Z""}",0,False,1747051451.1734705,2.384185791015625e-05
PLC/Island 1/MultiProcessing/MultiProcessing01/measurements/input/multiProcessingSensOvenFeederOut,"{""value"": true, ""timestamp"": ""2025-05-12T12:01:46.883106+00:00Z""}",0,False,1747051451.1735013,3.075599670410156e-05
PLC/Island 1/MultiProcessing/MultiProcessing01/measurements/output/multiProcessingActRotClockwise,"{""value"": false, ""timestamp"": ""2025-05-12T12:01:47.244648+00:00Z""}",0,False,1747051451.5358114,0.36231017112731934
PLC/Island 1/MultiProcessing/MultiProcessing01/measurements/output/multiProcessingActRotCounterclockwise,"{""value"": false, ""timestamp"": ""2025-05-12T12:01:47.245041+00:00Z""}",0,False,1747051451.5364494,0.0006380081176757812
PLC/Island 1/MultiProcessing/MultiProcessing01/measurements/output/multiProcessingActConveyorForward,"{""value"": false, ""timestamp"": ""2025-05-12T12:01:47.245350+00:00Z""}",0,False,1747051451.538567,0.002117633819580078
PLC/Island 1/MultiProcessing/MultiProcessing01/measurements/output/multiProcessingActSaw,"{""value"": false, ""timestamp"": ""2025-05-12T12:01:47.245749+00:00Z""}",0,False,1747051451.5388916,0.00032448768615722656
PLC/Island 1/MultiProcessing/MultiProcessing01/measurements/output/multiProcessingActOvenInward,"{""value"": false, ""timestamp"": ""2025-05-12T12:01:47.246225+00:00Z""}",0,False,1747051451.5391433,0.00025177001953125
PLC/Island 1/MultiProcessing/MultiProcessing01/measurements/output/multiProcessingActOvenOutward,"{""value"": false, ""timestamp"": ""2025-05-12T12:01:47.246452+00:00Z""}",0,False,1747051451.539267,0.00012373924255371094
PLC/Island 1/MultiProcessing/MultiProcessing01/measurements/output/multiProcessingActGripperToOven,"{""value"": false, ""timestamp"": ""2025-05-12T12:01:47.246710+00:00Z""}",0,False,1747051451.5393949,0.0001277923583984375
PLC/Island 1/MultiProcessing/MultiProcessing01/measurements/output/multiProcessingActGripperToTurntable,"{""value"": true, ""timestamp"": ""2025-05-12T12:01:47.247613+00:00Z""}",0,False,1747051451.539504,0.00010919570922851562
PLC/Island 1/MultiProcessing/MultiProcessing01/measurements/output/multiProcessingOvenLight,"{""value"": false, ""timestamp"": ""2025-05-12T12:01:47.247955+00:00Z""}",0,False,1747051451.539695,0.00019097328186035156
PLC/Island 1/MultiProcessing/MultiProcessing01/measurements/output/multiProcessingCompressor,"{""value"": true, ""timestamp"": ""2025-05-12T12:01:47.248603+00:00Z""}",0,False,1747051451.5399566,0.00026154518127441406
PLC/Island 1/MultiProcessing/MultiProcessing01/measurements/output/multiProcessingValveVacuum,"{""value"": true, ""timestamp"": ""2025-05-12T12:01:47.248986+00:00Z""}",0,False,1747051451.540157,0.00020051002502441406
PLC/Island 1/MultiProcessing/MultiProcessing01/measurements/output/multiProcessingActLowerValve,"{""value"": false, ""timestamp"": ""2025-05-12T12:01:47.249221+00:00Z""}",0,False,1747051451.5403194,0.00016236305236816406
PLC/Island 1/MultiProcessing/MultiProcessing01/measurements/output/multiProcessingValveOvenDoor,"{""value"": false, ""timestamp"": ""2025-05-12T12:01:47.249487+00:00Z""}",0,False,1747051451.5404801,0.00016069412231445312
PLC/Island 1/MultiProcessing/MultiProcessing01/measurements/output/multiProcessingValveFeeder,"{""value"": false, ""timestamp"": ""2025-05-12T12:01:47.249747+00:00Z""}",0,False,1747051451.5406375,0.00015735626220703125
PLC/Island 1/MultiProcessing/MultiProcessing01/measurements/input/multiProcessingSensTurntablePosVacuum,"{""value"": true, ""timestamp"": ""2025-05-12T12:01:47.485211+00:00Z""}",0,False,1747051451.7767217,0.2360842227935791
PLC/Island 1/MultiProcessing/MultiProcessing01/measurements/input/multiProcessingSensTurntablePosBelt,"{""value"": false, ""timestamp"": ""2025-05-12T12:01:47.485571+00:00Z""}",0,False,1747051451.7768729,0.00015115737915039062
PLC/Island 1/MultiProcessing/MultiProcessing01/measurements/input/multiProcessingSensTurntablePosSaw,"{""value"": false, ""timestamp"": ""2025-05-12T12:01:47.485911+00:00Z""}",0,False,1747051451.7770312,0.0001583099365234375
PLC/Island 1/MultiProcessing/MultiProcessing01/measurements/input/multiProcessingSensEndConveyor,"{""value"": true, ""timestamp"": ""2025-05-12T12:01:47.486131+00:00Z""}",0,False,1747051451.777143,0.00011181831359863281
PLC/Island 1/MultiProcessing/MultiProcessing01/measurements/input/multiProcessingSensOven,"{""value"": true, ""timestamp"": ""2025-05-12T12:01:47.486315+00:00Z""}",0,False,1747051451.7772467,0.00010371208190917969
PLC/Island 1/MultiProcessing/MultiProcessing01/measurements/input/multiProcessingSensVacuumGripperAtTurntable,"{""value"": false, ""timestamp"": ""2025-05-12T12:01:47.486618+00:00Z""}",0,False,1747051451.7776034,0.0003566741943359375
PLC/Island 1/MultiProcessing/MultiProcessing01/measurements/input/multiProcessingSensVacuumGripperAtOven,"{""value"": false, ""timestamp"": ""2025-05-12T12:01:47.486949+00:00Z""}",0,False,1747051451.777866,0.0002624988555908203
PLC/Island 1/MultiProcessing/MultiProcessing01/measurements/input/multiProcessingSensOvenFeederIn,"{""value"": false, ""timestamp"": ""2025-05-12T12:01:47.487423+00:00Z""}",0,False,1747051451.777966,0.00010013580322265625
PLC/Island 1/MultiProcessing/MultiProcessing01/measurements/input/multiProcessingSensOvenFeederOut,"{""value"": true, ""timestamp"": ""2025-05-12T12:01:47.487818+00:00Z""}",0,False,1747051451.779297,0.0013310909271240234
PLC/Island 1/MultiProcessing/MultiProcessing01/measurements/input/multiProcessingSensTurntablePosVacuum,"{""value"": true, ""timestamp"": ""2025-05-12T12:01:55.448485+00:00Z""}",0,False,1747051459.7369773,7.9576802253723145
PLC/Island 1/MultiProcessing/MultiProcessing01/measurements/input/multiProcessingSensTurntablePosBelt,"{""value"": false, ""timestamp"": ""2025-05-12T12:01:55.448854+00:00Z""}",0,False,1747051459.7390945,0.002117156982421875
PLC/Island 1/MultiProcessing/MultiProcessing01/measurements/input/multiProcessingSensTurntablePosSaw,"{""value"": false, ""timestamp"": ""2025-05-12T12:01:55.449130+00:00Z""}",0,False,1747051459.7395837,0.0004892349243164062
PLC/Island 1/MultiProcessing/MultiProcessing01/measurements/input/multiProcessingSensEndConveyor,"{""value"": true, ""timestamp"": ""2025-05-12T12:01:55.450076+00:00Z""}",0,False,1747051459.7419417,0.002357959747314453
PLC/Island 1/MultiProcessing/MultiProcessing01/measurements/input/multiProcessingSensOven,"{""value"": true, ""timestamp"": ""2025-05-12T12:01:55.450614+00:00Z""}",0,False,1747051459.7422805,0.0003387928009033203
PLC/Island 1/MultiProcessing/MultiProcessing01/measurements/input/multiProcessingSensVacuumGripperAtTurntable,"{""value"": true, ""timestamp"": ""2025-05-12T12:01:55.451040+00:00Z""}",0,False,1747051459.7453005,0.003020048141479492
PLC/Island 1/MultiProcessing/MultiProcessing01/measurements/input/multiProcessingSensVacuumGripperAtOven,"{""value"": false, ""timestamp"": ""2025-05-12T12:01:55.451972+00:00Z""}",0,False,1747051459.745699,0.00039839744567871094
PLC/Island 1/MultiProcessing/MultiProcessing01/measurements/input/multiProcessingSensOvenFeederIn,"{""value"": false, ""timestamp"": ""2025-05-12T12:01:55.452442+00:00Z""}",0,False,1747051459.7457883,8.940696716308594e-05
PLC/Island 1/MultiProcessing/MultiProcessing01/measurements/input/multiProcessingSensOvenFeederOut,"{""value"": true, ""timestamp"": ""2025-05-12T12:01:55.452858+00:00Z""}",0,False,1747051459.7458665,7.82012939453125e-05
PLC/Island 1/MultiProcessing/MultiProcessing01/measurements/output/multiProcessingActRotClockwise,"{""value"": false, ""timestamp"": ""2025-05-12T12:01:55.454509+00:00Z""}",0,False,1747051459.746618,0.000751495361328125
PLC/Island 1/MultiProcessing/MultiProcessing01/measurements/output/multiProcessingActRotCounterclockwise,"{""value"": false, ""timestamp"": ""2025-05-12T12:01:55.454797+00:00Z""}",0,False,1747051459.7471652,0.0005471706390380859
PLC/Island 1/MultiProcessing/MultiProcessing01/measurements/output/multiProcessingActConveyorForward,"{""value"": false, ""timestamp"": ""2025-05-12T12:01:55.455178+00:00Z""}",0,False,1747051459.74755,0.0003848075866699219
PLC/Island 1/MultiProcessing/MultiProcessing01/measurements/output/multiProcessingActSaw,"{""value"": false, ""timestamp"": ""2025-05-12T12:01:55.455468+00:00Z""}",0,False,1747051459.7476885,0.0001385211944580078
PLC/Island 1/MultiProcessing/MultiProcessing01/measurements/output/multiProcessingActOvenInward,"{""value"": false, ""timestamp"": ""2025-05-12T12:01:55.455649+00:00Z""}",0,False,1747051459.748079,0.0003905296325683594
PLC/Island 1/MultiProcessing/MultiProcessing01/measurements/output/multiProcessingActOvenOutward,"{""value"": false, ""timestamp"": ""2025-05-12T12:01:55.456409+00:00Z""}",0,False,1747051459.7485085,0.00042939186096191406
PLC/Island 1/MultiProcessing/MultiProcessing01/measurements/output/multiProcessingActGripperToOven,"{""value"": false, ""timestamp"": ""2025-05-12T12:01:55.456747+00:00Z""}",0,False,1747051459.748744,0.00023555755615234375
PLC/Island 1/MultiProcessing/MultiProcessing01/measurements/output/multiProcessingActGripperToTurntable,"{""value"": false, ""timestamp"": ""2025-05-12T12:01:55.456995+00:00Z""}",0,False,1747051459.7488675,0.00012350082397460938
PLC/Island 1/MultiProcessing/MultiProcessing01/measurements/output/multiProcessingOvenLight,"{""value"": false, ""timestamp"": ""2025-05-12T12:01:55.457122+00:00Z""}",0,False,1747051459.7490323,0.0001647472381591797
PLC/Island 1/MultiProcessing/MultiProcessing01/measurements/output/multiProcessingCompressor,"{""value"": false, ""timestamp"": ""2025-05-12T12:01:55.457294+00:00Z""}",0,False,1747051459.7491775,0.00014519691467285156
PLC/Island 1/MultiProcessing/MultiProcessing01/measurements/output/multiProcessingValveVacuum,"{""value"": false, ""timestamp"": ""2025-05-12T12:01:55.457414+00:00Z""}",0,False,1747051459.7493248,0.00014734268188476562
PLC/Island 1/MultiProcessing/MultiProcessing01/measurements/output/multiProcessingActLowerValve,"{""value"": false, ""timestamp"": ""2025-05-12T12:01:55.457539+00:00Z""}",0,False,1747051459.7494547,0.00012993812561035156
PLC/Island 1/MultiProcessing/MultiProcessing01/measurements/output/multiProcessingValveOvenDoor,"{""value"": false, ""timestamp"": ""2025-05-12T12:01:55.458265+00:00Z""}",0,False,1747051459.7495828,0.00012803077697753906
PLC/Island 1/MultiProcessing/MultiProcessing01/measurements/output/multiProcessingValveFeeder,"{""value"": false, ""timestamp"": ""2025-05-12T12:01:55.458551+00:00Z""}",0,False,1747051459.749718,0.00013518333435058594
PLC/Island 1/MultiProcessing/MultiProcessing01/measurements/output/multiProcessingActRotClockwise,"{""value"": true, ""timestamp"": ""2025-05-12T12:01:56.452663+00:00Z""}",0,False,1747051460.7413814,0.9916634559631348
PLC/Island 1/MultiProcessing/MultiProcessing01/measurements/output/multiProcessingActRotCounterclockwise,"{""value"": false, ""timestamp"": ""2025-05-12T12:01:56.453178+00:00Z""}",0,False,1747051460.741593,0.00021147727966308594
PLC/Island 1/MultiProcessing/MultiProcessing01/measurements/output/multiProcessingActConveyorForward,"{""value"": false, ""timestamp"": ""2025-05-12T12:01:56.453530+00:00Z""}",0,False,1747051460.7420857,0.0004928112030029297
PLC/Island 1/MultiProcessing/MultiProcessing01/measurements/output/multiProcessingActSaw,"{""value"": false, ""timestamp"": ""2025-05-12T12:01:56.454481+00:00Z""}",0,False,1747051460.7445295,0.0024437904357910156
PLC/Island 1/MultiProcessing/MultiProcessing01/measurements/output/multiProcessingActOvenInward,"{""value"": false, ""timestamp"": ""2025-05-12T12:01:56.455350+00:00Z""}",0,False,1747051460.7448182,0.0002887248992919922
PLC/Island 1/MultiProcessing/MultiProcessing01/measurements/output/multiProcessingActOvenOutward,"{""value"": false, ""timestamp"": ""2025-05-12T12:01:56.455711+00:00Z""}",0,False,1747051460.7472858,0.002467632293701172
PLC/Island 1/MultiProcessing/MultiProcessing01/measurements/output/multiProcessingActGripperToOven,"{""value"": false, ""timestamp"": ""2025-05-12T12:01:56.456935+00:00Z""}",0,False,1747051460.7477634,0.0004775524139404297
PLC/Island 1/MultiProcessing/MultiProcessing01/measurements/output/multiProcessingActGripperToTurntable,"{""value"": false, ""timestamp"": ""2025-05-12T12:01:56.457366+00:00Z""}",0,False,1747051460.7480938,0.0003304481506347656
PLC/Island 1/MultiProcessing/MultiProcessing01/measurements/output/multiProcessingOvenLight,"{""value"": false, ""timestamp"": ""2025-05-12T12:01:56.458235+00:00Z""}",0,False,1747051460.7483609,0.00026702880859375
PLC/Island 1/MultiProcessing/MultiProcessing01/measurements/output/multiProcessingCompressor,"{""value"": false, ""timestamp"": ""2025-05-12T12:01:56.458458+00:00Z""}",0,False,1747051460.7498343,0.0014734268188476562
PLC/Island 1/MultiProcessing/MultiProcessing01/measurements/output/multiProcessingValveVacuum,"{""value"": false, ""timestamp"": ""2025-05-12T12:01:56.459209+00:00Z""}",0,False,1747051460.750067,0.000232696533203125
PLC/Island 1/MultiProcessing/MultiProcessing01/measurements/output/multiProcessingActLowerValve,"{""value"": false, ""timestamp"": ""2025-05-12T12:01:56.459422+00:00Z""}",0,False,1747051460.7503126,0.0002455711364746094
PLC/Island 1/MultiProcessing/MultiProcessing01/measurements/output/multiProcessingValveOvenDoor,"{""value"": false, ""timestamp"": ""2025-05-12T12:01:56.459716+00:00Z""}",0,False,1747051460.750446,0.000133514404296875
PLC/Island 1/MultiProcessing/MultiProcessing01/measurements/output/multiProcessingValveFeeder,"{""value"": false, ""timestamp"": ""2025-05-12T12:01:56.459851+00:00Z""}",0,False,1747051460.7506258,0.00017976760864257812
PLC/Island 1/MultiProcessing/MultiProcessing01/measurements/input/multiProcessingSensTurntablePosVacuum,"{""value"": false, ""timestamp"": ""2025-05-12T12:01:56.574356+00:00Z""}",0,False,1747051460.8649697,0.11434388160705566
PLC/Island 1/MultiProcessing/MultiProcessing01/measurements/input/multiProcessingSensTurntablePosBelt,"{""value"": false, ""timestamp"": ""2025-05-12T12:01:56.574657+00:00Z""}",0,False,1747051460.8655772,0.0006074905395507812
PLC/Island 1/MultiProcessing/MultiProcessing01/measurements/input/multiProcessingSensTurntablePosSaw,"{""value"": false, ""timestamp"": ""2025-05-12T12:01:56.574843+00:00Z""}",0,False,1747051460.8657682,0.00019097328186035156
PLC/Island 1/MultiProcessing/MultiProcessing01/measurements/input/multiProcessingSensEndConveyor,"{""value"": true, ""timestamp"": ""2025-05-12T12:01:56.574984+00:00Z""}",0,False,1747051460.8659012,0.00013303756713867188
PLC/Island 1/MultiProcessing/MultiProcessing01/measurements/input/multiProcessingSensOven,"{""value"": true, ""timestamp"": ""2025-05-12T12:01:56.575169+00:00Z""}",0,False,1747051460.8660405,0.0001392364501953125
PLC/Island 1/MultiProcessing/MultiProcessing01/measurements/input/multiProcessingSensVacuumGripperAtTurntable,"{""value"": true, ""timestamp"": ""2025-05-12T12:01:56.575337+00:00Z""}",0,False,1747051460.8661673,0.00012683868408203125
PLC/Island 1/MultiProcessing/MultiProcessing01/measurements/input/multiProcessingSensVacuumGripperAtOven,"{""value"": false, ""timestamp"": ""2025-05-12T12:01:56.575473+00:00Z""}",0,False,1747051460.8666825,0.0005152225494384766
PLC/Island 1/MultiProcessing/MultiProcessing01/measurements/input/multiProcessingSensOvenFeederIn,"{""value"": false, ""timestamp"": ""2025-05-12T12:01:56.575593+00:00Z""}",0,False,1747051460.8669612,0.00027871131896972656
PLC/Island 1/MultiProcessing/MultiProcessing01/measurements/input/multiProcessingSensOvenFeederOut,"{""value"": true, ""timestamp"": ""2025-05-12T12:01:56.575714+00:00Z""}",0,False,1747051460.8672695,0.0003082752227783203
PLC/Island 1/MultiProcessing/MultiProcessing01/measurements/input/multiProcessingSensTurntablePosVacuum,"{""value"": false, ""timestamp"": ""2025-05-12T12:01:57.780727+00:00Z""}",0,False,1747051462.0741177,1.20684814453125
PLC/Island 1/MultiProcessing/MultiProcessing01/measurements/input/multiProcessingSensTurntablePosBelt,"{""value"": false, ""timestamp"": ""2025-05-12T12:01:57.781222+00:00Z""}",0,False,1747051462.074315,0.00019741058349609375
PLC/Island 1/MultiProcessing/MultiProcessing01/measurements/input/multiProcessingSensTurntablePosSaw,"{""value"": true, ""timestamp"": ""2025-05-12T12:01:57.781453+00:00Z""}",0,False,1747051462.0747604,0.00044536590576171875
PLC/Island 1/MultiProcessing/MultiProcessing01/measurements/input/multiProcessingSensEndConveyor,"{""value"": true, ""timestamp"": ""2025-05-12T12:01:57.781713+00:00Z""}",0,False,1747051462.075166,0.0004055500030517578
PLC/Island 1/MultiProcessing/MultiProcessing01/measurements/input/multiProcessingSensOven,"{""value"": true, ""timestamp"": ""2025-05-12T12:01:57.781947+00:00Z""}",0,False,1747051462.0752156,4.9591064453125e-05
PLC/Island 1/MultiProcessing/MultiProcessing01/measurements/input/multiProcessingSensVacuumGripperAtTurntable,"{""value"": true, ""timestamp"": ""2025-05-12T12:01:57.782174+00:00Z""}",0,False,1747051462.0758238,0.0006082057952880859
PLC/Island 1/MultiProcessing/MultiProcessing01/measurements/input/multiProcessingSensVacuumGripperAtOven,"{""value"": false, ""timestamp"": ""2025-05-12T12:01:57.782359+00:00Z""}",0,False,1747051462.0763016,0.00047779083251953125
PLC/Island 1/MultiProcessing/MultiProcessing01/measurements/input/multiProcessingSensOvenFeederIn,"{""value"": false, ""timestamp"": ""2025-05-12T12:01:57.782549+00:00Z""}",0,False,1747051462.076342,4.0531158447265625e-05
PLC/Island 1/MultiProcessing/MultiProcessing01/measurements/input/multiProcessingSensOvenFeederOut,"{""value"": true, ""timestamp"": ""2025-05-12T12:01:57.782930+00:00Z""}",0,False,1747051462.0763702,2.8133392333984375e-05
PLC/Island 1/MultiProcessing/MultiProcessing01/measurements/output/multiProcessingActRotClockwise,"{""value"": false, ""timestamp"": ""2025-05-12T12:01:57.783921+00:00Z""}",0,False,1747051462.0765266,0.000156402587890625
PLC/Island 1/MultiProcessing/MultiProcessing01/measurements/output/multiProcessingActRotCounterclockwise,"{""value"": false, ""timestamp"": ""2025-05-12T12:01:57.784199+00:00Z""}",0,False,1747051462.0765836,5.698204040527344e-05
PLC/Island 1/MultiProcessing/MultiProcessing01/measurements/output/multiProcessingActConveyorForward,"{""value"": false, ""timestamp"": ""2025-05-12T12:01:57.784652+00:00Z""}",0,False,1747051462.0766473,6.365776062011719e-05
PLC/Island 1/MultiProcessing/MultiProcessing01/measurements/output/multiProcessingActSaw,"{""value"": true, ""timestamp"": ""2025-05-12T12:01:57.785071+00:00Z""}",0,False,1747051462.0782542,0.0016069412231445312
PLC/Island 1/MultiProcessing/MultiProcessing01/measurements/output/multiProcessingActOvenInward,"{""value"": false, ""timestamp"": ""2025-05-12T12:01:57.785405+00:00Z""}",0,False,1747051462.078581,0.0003268718719482422
PLC/Island 1/MultiProcessing/MultiProcessing01/measurements/output/multiProcessingActOvenOutward,"{""value"": false, ""timestamp"": ""2025-05-12T12:01:57.785622+00:00Z""}",0,False,1747051462.07876,0.00017881393432617188
PLC/Island 1/MultiProcessing/MultiProcessing01/measurements/output/multiProcessingActGripperToOven,"{""value"": false, ""timestamp"": ""2025-05-12T12:01:57.785926+00:00Z""}",0,False,1747051462.0789118,0.0001518726348876953
PLC/Island 1/MultiProcessing/MultiProcessing01/measurements/output/multiProcessingActGripperToTurntable,"{""value"": false, ""timestamp"": ""2025-05-12T12:01:57.786166+00:00Z""}",0,False,1747051462.079077,0.0001652240753173828
PLC/Island 1/MultiProcessing/MultiProcessing01/measurements/output/multiProcessingOvenLight,"{""value"": false, ""timestamp"": ""2025-05-12T12:01:57.786290+00:00Z""}",0,False,1747051462.0792198,0.00014281272888183594
PLC/Island 1/MultiProcessing/MultiProcessing01/measurements/output/multiProcessingCompressor,"{""value"": false, ""timestamp"": ""2025-05-12T12:01:57.786445+00:00Z""}",0,False,1747051462.0793536,0.00013375282287597656
PLC/Island 1/MultiProcessing/MultiProcessing01/measurements/output/multiProcessingValveVacuum,"{""value"": false, ""timestamp"": ""2025-05-12T12:01:57.786565+00:00Z""}",0,False,1747051462.079503,0.0001494884490966797
PLC/Island 1/MultiProcessing/MultiProcessing01/measurements/output/multiProcessingActLowerValve,"{""value"": false, ""timestamp"": ""2025-05-12T12:01:57.786683+00:00Z""}",0,False,1747051462.0798507,0.0003476142883300781
PLC/Island 1/MultiProcessing/MultiProcessing01/measurements/output/multiProcessingValveOvenDoor,"{""value"": false, ""timestamp"": ""2025-05-12T12:01:57.786760+00:00Z""}",0,False,1747051462.0802836,0.0004329681396484375
PLC/Island 1/MultiProcessing/MultiProcessing01/measurements/output/multiProcessingValveFeeder,"{""value"": false, ""timestamp"": ""2025-05-12T12:01:57.786833+00:00Z""}",0,False,1747051462.0803866,0.000102996826171875
PLC/Island 1/MultiProcessing/MultiProcessing01/measurements/input/multiProcessingSensTurntablePosVacuum,"{""value"": false, ""timestamp"": ""2025-05-12T12:01:57.900984+00:00Z""}",0,False,1747051462.1941762,0.11378955841064453
PLC/Island 1/MultiProcessing/MultiProcessing01/measurements/input/multiProcessingSensTurntablePosBelt,"{""value"": false, ""timestamp"": ""2025-05-12T12:01:57.901298+00:00Z""}",0,False,1747051462.194767,0.0005908012390136719
PLC/Island 1/MultiProcessing/MultiProcessing01/measurements/input/multiProcessingSensTurntablePosSaw,"{""value"": false, ""timestamp"": ""2025-05-12T12:01:57.901624+00:00Z""}",0,False,1747051462.1951377,0.0003707408905029297
PLC/Island 1/MultiProcessing/MultiProcessing01/measurements/input/multiProcessingSensEndConveyor,"{""value"": true, ""timestamp"": ""2025-05-12T12:01:57.901823+00:00Z""}",0,False,1747051462.1953075,0.0001697540283203125
PLC/Island 1/MultiProcessing/MultiProcessing01/measurements/input/multiProcessingSensOven,"{""value"": true, ""timestamp"": ""2025-05-12T12:01:57.901967+00:00Z""}",0,False,1747051462.195448,0.0001404285430908203
PLC/Island 1/MultiProcessing/MultiProcessing01/measurements/input/multiProcessingSensVacuumGripperAtTurntable,"{""value"": true, ""timestamp"": ""2025-05-12T12:01:57.902097+00:00Z""}",0,False,1747051462.195924,0.0004761219024658203
PLC/Island 1/MultiProcessing/MultiProcessing01/measurements/input/multiProcessingSensVacuumGripperAtOven,"{""value"": false, ""timestamp"": ""2025-05-12T12:01:57.902276+00:00Z""}",0,False,1747051462.1961772,0.0002532005310058594
PLC/Island 1/MultiProcessing/MultiProcessing01/measurements/input/multiProcessingSensOvenFeederIn,"{""value"": false, ""timestamp"": ""2025-05-12T12:01:57.902402+00:00Z""}",0,False,1747051462.1963208,0.00014352798461914062
PLC/Island 1/MultiProcessing/MultiProcessing01/measurements/input/multiProcessingSensOvenFeederOut,"{""value"": true, ""timestamp"": ""2025-05-12T12:01:57.902522+00:00Z""}",0,False,1747051462.1968455,0.0005247592926025391
PLC/Island 1/MultiProcessing/MultiProcessing01/measurements/output/multiProcessingActRotClockwise,"{""value"": false, ""timestamp"": ""2025-05-12T12:01:57.903292+00:00Z""}",0,False,1747051462.1971617,0.0003161430358886719
PLC/Island 1/MultiProcessing/MultiProcessing01/measurements/output/multiProcessingActRotCounterclockwise,"{""value"": true, ""timestamp"": ""2025-05-12T12:01:57.903542+00:00Z""}",0,False,1747051462.1976817,0.0005199909210205078
PLC/Island 1/MultiProcessing/MultiProcessing01/measurements/output/multiProcessingActConveyorForward,"{""value"": false, ""timestamp"": ""2025-05-12T12:01:57.903678+00:00Z""}",0,False,1747051462.1979017,0.0002200603485107422
PLC/Island 1/MultiProcessing/MultiProcessing01/measurements/output/multiProcessingActSaw,"{""value"": true, ""timestamp"": ""2025-05-12T12:01:57.903818+00:00Z""}",0,False,1747051462.1981652,0.00026345252990722656
PLC/Island 1/MultiProcessing/MultiProcessing01/measurements/output/multiProcessingActOvenInward,"{""value"": false, ""timestamp"": ""2025-05-12T12:01:57.903945+00:00Z""}",0,False,1747051462.198352,0.000186920166015625
PLC/Island 1/MultiProcessing/MultiProcessing01/measurements/output/multiProcessingActOvenOutward,"{""value"": false, ""timestamp"": ""2025-05-12T12:01:57.904180+00:00Z""}",0,False,1747051462.1985452,0.00019311904907226562
PLC/Island 1/MultiProcessing/MultiProcessing01/measurements/output/multiProcessingActGripperToOven,"{""value"": false, ""timestamp"": ""2025-05-12T12:01:57.904325+00:00Z""}",0,False,1747051462.198962,0.00041675567626953125
PLC/Island 1/MultiProcessing/MultiProcessing01/measurements/output/multiProcessingActGripperToTurntable,"{""value"": false, ""timestamp"": ""2025-05-12T12:01:57.904450+00:00Z""}",0,False,1747051462.1991456,0.00018358230590820312
PLC/Island 1/MultiProcessing/MultiProcessing01/measurements/output/multiProcessingOvenLight,"{""value"": false, ""timestamp"": ""2025-05-12T12:01:57.904582+00:00Z""}",0,False,1747051462.199259,0.00011348724365234375
PLC/Island 1/MultiProcessing/MultiProcessing01/measurements/output/multiProcessingCompressor,"{""value"": false, ""timestamp"": ""2025-05-12T12:01:57.904711+00:00Z""}",0,False,1747051462.1993663,0.00010728836059570312
PLC/Island 1/MultiProcessing/MultiProcessing01/measurements/output/multiProcessingValveVacuum,"{""value"": false, ""timestamp"": ""2025-05-12T12:01:57.904835+00:00Z""}",0,False,1747051462.199604,0.0002377033233642578
PLC/Island 1/MultiProcessing/MultiProcessing01/measurements/output/multiProcessingActLowerValve,"{""value"": false, ""timestamp"": ""2025-05-12T12:01:57.904958+00:00Z""}",0,False,1747051462.1999135,0.0003094673156738281
PLC/Island 1/MultiProcessing/MultiProcessing01/measurements/output/multiProcessingValveOvenDoor,"{""value"": false, ""timestamp"": ""2025-05-12T12:01:57.905038+00:00Z""}",0,False,1747051462.2001681,0.00025463104248046875
PLC/Island 1/MultiProcessing/MultiProcessing01/measurements/output/multiProcessingValveFeeder,"{""value"": false, ""timestamp"": ""2025-05-12T12:01:57.905112+00:00Z""}",0,False,1747051462.2007873,0.0006191730499267578
PLC/Island 1/MultiProcessing/MultiProcessing01/measurements/input/multiProcessingSensTurntablePosVacuum,"{""value"": false, ""timestamp"": ""2025-05-12T12:01:58.061369+00:00Z""}",0,False,1747051462.3567588,0.15597152709960938
PLC/Island 1/MultiProcessing/MultiProcessing01/measurements/input/multiProcessingSensTurntablePosBelt,"{""value"": false, ""timestamp"": ""2025-05-12T12:01:58.061671+00:00Z""}",0,False,1747051462.3571262,0.0003674030303955078
PLC/Island 1/MultiProcessing/MultiProcessing01/measurements/input/multiProcessingSensTurntablePosSaw,"{""value"": true, ""timestamp"": ""2025-05-12T12:01:58.061822+00:00Z""}",0,False,1747051462.3573596,0.0002334117889404297
PLC/Island 1/MultiProcessing/MultiProcessing01/measurements/input/multiProcessingSensEndConveyor,"{""value"": true, ""timestamp"": ""2025-05-12T12:01:58.061958+00:00Z""}",0,False,1747051462.3574812,0.00012159347534179688
PLC/Island 1/MultiProcessing/MultiProcessing01/measurements/input/multiProcessingSensOven,"{""value"": true, ""timestamp"": ""2025-05-12T12:01:58.062128+00:00Z""}",0,False,1747051462.3575954,0.00011420249938964844
PLC/Island 1/MultiProcessing/MultiProcessing01/measurements/input/multiProcessingSensVacuumGripperAtTurntable,"{""value"": true, ""timestamp"": ""2025-05-12T12:01:58.062256+00:00Z""}",0,False,1747051462.357808,0.00021266937255859375
PLC/Island 1/MultiProcessing/MultiProcessing01/measurements/input/multiProcessingSensVacuumGripperAtOven,"{""value"": false, ""timestamp"": ""2025-05-12T12:01:58.062392+00:00Z""}",0,False,1747051462.3579736,0.00016546249389648438
PLC/Island 1/MultiProcessing/MultiProcessing01/measurements/input/multiProcessingSensOvenFeederIn,"{""value"": false, ""timestamp"": ""2025-05-12T12:01:58.062522+00:00Z""}",0,False,1747051462.3582985,0.0003249645233154297
PLC/Island 1/MultiProcessing/MultiProcessing01/measurements/input/multiProcessingSensOvenFeederOut,"{""value"": true, ""timestamp"": ""2025-05-12T12:01:58.062644+00:00Z""}",0,False,1747051462.3584929,0.00019431114196777344
PLC/Island 1/MultiProcessing/MultiProcessing01/measurements/output/multiProcessingActRotClockwise,"{""value"": false, ""timestamp"": ""2025-05-12T12:01:58.063945+00:00Z""}",0,False,1747051462.358663,0.00017023086547851562
PLC/Island 1/MultiProcessing/MultiProcessing01/measurements/output/multiProcessingActRotCounterclockwise,"{""value"": false, ""timestamp"": ""2025-05-12T12:01:58.064207+00:00Z""}",0,False,1747051462.358835,0.00017189979553222656
PLC/Island 1/MultiProcessing/MultiProcessing01/measurements/output/multiProcessingActConveyorForward,"{""value"": false, ""timestamp"": ""2025-05-12T12:01:58.064575+00:00Z""}",0,False,1747051462.3590064,0.00017142295837402344
PLC/Island 1/MultiProcessing/MultiProcessing01/measurements/output/multiProcessingActSaw,"{""value"": true, ""timestamp"": ""2025-05-12T12:01:58.065440+00:00Z""}",0,False,1747051462.3591745,0.00016808509826660156
PLC/Island 1/MultiProcessing/MultiProcessing01/measurements/output/multiProcessingActOvenInward,"{""value"": false, ""timestamp"": ""2025-05-12T12:01:58.065595+00:00Z""}",0,False,1747051462.3593426,0.00016808509826660156
PLC/Island 1/MultiProcessing/MultiProcessing01/measurements/output/multiProcessingActOvenOutward,"{""value"": false, ""timestamp"": ""2025-05-12T12:01:58.065730+00:00Z""}",0,False,1747051462.359504,0.0001614093780517578
PLC/Island 1/MultiProcessing/MultiProcessing01/measurements/output/multiProcessingActGripperToOven,"{""value"": false, ""timestamp"": ""2025-05-12T12:01:58.066135+00:00Z""}",0,False,1747051462.3596728,0.00016880035400390625
PLC/Island 1/MultiProcessing/MultiProcessing01/measurements/output/multiProcessingActGripperToTurntable,"{""value"": false, ""timestamp"": ""2025-05-12T12:01:58.066301+00:00Z""}",0,False,1747051462.359992,0.0003192424774169922
PLC/Island 1/MultiProcessing/MultiProcessing01/measurements/output/multiProcessingOvenLight,"{""value"": false, ""timestamp"": ""2025-05-12T12:01:58.066432+00:00Z""}",0,False,1747051462.3604858,0.0004937648773193359
PLC/Island 1/MultiProcessing/MultiProcessing01/measurements/output/multiProcessingCompressor,"{""value"": false, ""timestamp"": ""2025-05-12T12:01:58.066553+00:00Z""}",0,False,1747051462.3606508,0.00016498565673828125
PLC/Island 1/MultiProcessing/MultiProcessing01/measurements/output/multiProcessingValveVacuum,"{""value"": false, ""timestamp"": ""2025-05-12T12:01:58.066670+00:00Z""}",0,False,1747051462.3608181,0.00016736984252929688
PLC/Island 1/MultiProcessing/MultiProcessing01/measurements/output/multiProcessingActLowerValve,"{""value"": false, ""timestamp"": ""2025-05-12T12:01:58.066794+00:00Z""}",0,False,1747051462.4053187,0.04450058937072754
PLC/Island 1/MultiProcessing/MultiProcessing01/measurements/output/multiProcessingValveOvenDoor,"{""value"": false, ""timestamp"": ""2025-05-12T12:01:58.066903+00:00Z""}",0,False,1747051462.4057715,0.0004527568817138672
PLC/Island 1/MultiProcessing/MultiProcessing01/measurements/output/multiProcessingValveFeeder,"{""value"": false, ""timestamp"": ""2025-05-12T12:01:58.066985+00:00Z""}",0,False,1747051462.4058468,7.534027099609375e-05
PLC/Island 1/MultiProcessing/MultiProcessing01/measurements/input/multiProcessingSensTurntablePosVacuum,"{""value"": false, ""timestamp"": ""2025-05-12T12:01:58.182199+00:00Z""}",0,False,1747051462.475799,0.06995224952697754
PLC/Island 1/MultiProcessing/MultiProcessing01/measurements/input/multiProcessingSensTurntablePosBelt,"{""value"": false, ""timestamp"": ""2025-05-12T12:01:58.182512+00:00Z""}",0,False,1747051462.476038,0.00023889541625976562
PLC/Island 1/MultiProcessing/MultiProcessing01/measurements/input/multiProcessingSensTurntablePosSaw,"{""value"": false, ""timestamp"": ""2025-05-12T12:01:58.182826+00:00Z""}",0,False,1747051462.476175,0.00013709068298339844
PLC/Island 1/MultiProcessing/MultiProcessing01/measurements/input/multiProcessingSensEndConveyor,"{""value"": true, ""timestamp"": ""2025-05-12T12:01:58.183041+00:00Z""}",0,False,1747051462.4762917,0.00011658668518066406
PLC/Island 1/MultiProcessing/MultiProcessing01/measurements/input/multiProcessingSensOven,"{""value"": true, ""timestamp"": ""2025-05-12T12:01:58.183176+00:00Z""}",0,False,1747051462.4764016,0.00010991096496582031
PLC/Island 1/MultiProcessing/MultiProcessing01/measurements/input/multiProcessingSensVacuumGripperAtTurntable,"{""value"": true, ""timestamp"": ""2025-05-12T12:01:58.183301+00:00Z""}",0,False,1747051462.4769084,0.0005068778991699219
PLC/Island 1/MultiProcessing/MultiProcessing01/measurements/input/multiProcessingSensVacuumGripperAtOven,"{""value"": false, ""timestamp"": ""2025-05-12T12:01:58.183422+00:00Z""}",0,False,1747051462.4773166,0.000408172607421875
PLC/Island 1/MultiProcessing/MultiProcessing01/measurements/input/multiProcessingSensOvenFeederIn,"{""value"": false, ""timestamp"": ""2025-05-12T12:01:58.183687+00:00Z""}",0,False,1747051462.4775348,0.0002181529998779297
PLC/Island 1/MultiProcessing/MultiProcessing01/measurements/input/multiProcessingSensOvenFeederOut,"{""value"": true, ""timestamp"": ""2025-05-12T12:01:58.183842+00:00Z""}",0,False,1747051462.4778016,0.00026679039001464844
PLC/Island 1/MultiProcessing/MultiProcessing01/measurements/output/multiProcessingActRotClockwise,"{""value"": false, ""timestamp"": ""2025-05-12T12:01:58.185153+00:00Z""}",0,False,1747051462.4780211,0.00021958351135253906
PLC/Island 1/MultiProcessing/MultiProcessing01/measurements/output/multiProcessingActRotCounterclockwise,"{""value"": true, ""timestamp"": ""2025-05-12T12:01:58.185374+00:00Z""}",0,False,1747051462.4791014,0.0010802745819091797
PLC/Island 1/MultiProcessing/MultiProcessing01/measurements/output/multiProcessingActConveyorForward,"{""value"": false, ""timestamp"": ""2025-05-12T12:01:58.185590+00:00Z""}",0,False,1747051462.4794614,0.0003600120544433594
PLC/Island 1/MultiProcessing/MultiProcessing01/measurements/output/multiProcessingActSaw,"{""value"": true, ""timestamp"": ""2025-05-12T12:01:58.185716+00:00Z""}",0,False,1747051462.479664,0.00020265579223632812
PLC/Island 1/MultiProcessing/MultiProcessing01/measurements/output/multiProcessingActOvenInward,"{""value"": false, ""timestamp"": ""2025-05-12T12:01:58.185837+00:00Z""}",0,False,1747051462.4798422,0.0001780986785888672
PLC/Island 1/MultiProcessing/MultiProcessing01/measurements/output/multiProcessingActOvenOutward,"{""value"": false, ""timestamp"": ""2025-05-12T12:01:58.185955+00:00Z""}",0,False,1747051462.48002,0.00017786026000976562
PLC/Island 1/MultiProcessing/MultiProcessing01/measurements/output/multiProcessingActGripperToOven,"{""value"": false, ""timestamp"": ""2025-05-12T12:01:58.186075+00:00Z""}",0,False,1747051462.4801862,0.00016617774963378906
PLC/Island 1/MultiProcessing/MultiProcessing01/measurements/output/multiProcessingActGripperToTurntable,"{""value"": false, ""timestamp"": ""2025-05-12T12:01:58.186202+00:00Z""}",0,False,1747051462.4803503,0.000164031982421875
PLC/Island 1/MultiProcessing/MultiProcessing01/measurements/output/multiProcessingOvenLight,"{""value"": false, ""timestamp"": ""2025-05-12T12:01:58.186331+00:00Z""}",0,False,1747051462.4805114,0.00016117095947265625
PLC/Island 1/MultiProcessing/MultiProcessing01/measurements/output/multiProcessingCompressor,"{""value"": false, ""timestamp"": ""2025-05-12T12:01:58.186450+00:00Z""}",0,False,1747051462.4806764,0.00016498565673828125
PLC/Island 1/MultiProcessing/MultiProcessing01/measurements/output/multiProcessingValveVacuum,"{""value"": false, ""timestamp"": ""2025-05-12T12:01:58.186566+00:00Z""}",0,False,1747051462.480848,0.000171661376953125
PLC/Island 1/MultiProcessing/MultiProcessing01/measurements/output/multiProcessingActLowerValve,"{""value"": false, ""timestamp"": ""2025-05-12T12:01:58.186689+00:00Z""}",0,False,1747051462.5260987,0.045250654220581055
PLC/Island 1/MultiProcessing/MultiProcessing01/measurements/output/multiProcessingValveOvenDoor,"{""value"": false, ""timestamp"": ""2025-05-12T12:01:58.186764+00:00Z""}",0,False,1747051462.5264702,0.0003714561462402344
PLC/Island 1/MultiProcessing/MultiProcessing01/measurements/output/multiProcessingValveFeeder,"{""value"": false, ""timestamp"": ""2025-05-12T12:01:58.186837+00:00Z""}",0,False,1747051462.5266085,0.00013828277587890625
PLC/Island 1/MultiProcessing/MultiProcessing01/measurements/input/multiProcessingSensTurntablePosVacuum,"{""value"": true, ""timestamp"": ""2025-05-12T12:02:00.519105+00:00Z""}",0,False,1747051464.8099778,2.283369302749634
PLC/Island 1/MultiProcessing/MultiProcessing01/measurements/input/multiProcessingSensTurntablePosBelt,"{""value"": false, ""timestamp"": ""2025-05-12T12:02:00.519471+00:00Z""}",0,False,1747051464.8106556,0.0006778240203857422
PLC/Island 1/MultiProcessing/MultiProcessing01/measurements/input/multiProcessingSensTurntablePosSaw,"{""value"": false, ""timestamp"": ""2025-05-12T12:02:00.519737+00:00Z""}",0,False,1747051464.8109648,0.00030922889709472656
PLC/Island 1/MultiProcessing/MultiProcessing01/measurements/input/multiProcessingSensEndConveyor,"{""value"": true, ""timestamp"": ""2025-05-12T12:02:00.519955+00:00Z""}",0,False,1747051464.8124387,0.0014739036560058594
PLC/Island 1/MultiProcessing/MultiProcessing01/measurements/input/multiProcessingSensOven,"{""value"": true, ""timestamp"": ""2025-05-12T12:02:00.520236+00:00Z""}",0,False,1747051464.8129025,0.00046372413635253906
PLC/Island 1/MultiProcessing/MultiProcessing01/measurements/input/multiProcessingSensVacuumGripperAtTurntable,"{""value"": true, ""timestamp"": ""2025-05-12T12:02:00.521448+00:00Z""}",0,False,1747051464.8133118,0.0004093647003173828
PLC/Island 1/MultiProcessing/MultiProcessing01/measurements/input/multiProcessingSensVacuumGripperAtOven,"{""value"": false, ""timestamp"": ""2025-05-12T12:02:00.522098+00:00Z""}",0,False,1747051464.819468,0.006156206130981445
PLC/Island 1/MultiProcessing/MultiProcessing01/measurements/input/multiProcessingSensOvenFeederIn,"{""value"": false, ""timestamp"": ""2025-05-12T12:02:00.523177+00:00Z""}",0,False,1747051464.8196948,0.00022673606872558594
PLC/Island 1/MultiProcessing/MultiProcessing01/measurements/input/multiProcessingSensOvenFeederOut,"{""value"": true, ""timestamp"": ""2025-05-12T12:02:00.523642+00:00Z""}",0,False,1747051464.820047,0.0003521442413330078
PLC/Island 1/MultiProcessing/MultiProcessing01/measurements/output/multiProcessingActRotClockwise,"{""value"": true, ""timestamp"": ""2025-05-12T12:02:00.525492+00:00Z""}",0,False,1747051464.8202357,0.0001888275146484375
PLC/Island 1/MultiProcessing/MultiProcessing01/measurements/output/multiProcessingActRotCounterclockwise,"{""value"": false, ""timestamp"": ""2025-05-12T12:02:00.525816+00:00Z""}",0,False,1747051464.8205955,0.0003597736358642578
PLC/Island 1/MultiProcessing/MultiProcessing01/measurements/output/multiProcessingActConveyorForward,"{""value"": false, ""timestamp"": ""2025-05-12T12:02:00.526248+00:00Z""}",0,False,1747051464.8209136,0.0003180503845214844
PLC/Island 1/MultiProcessing/MultiProcessing01/measurements/output/multiProcessingActSaw,"{""value"": true, ""timestamp"": ""2025-05-12T12:02:00.526555+00:00Z""}",0,False,1747051464.8211627,0.0002491474151611328
PLC/Island 1/MultiProcessing/MultiProcessing01/measurements/output/multiProcessingActOvenInward,"{""value"": false, ""timestamp"": ""2025-05-12T12:02:00.527336+00:00Z""}",0,False,1747051464.8214695,0.00030684471130371094
PLC/Island 1/MultiProcessing/MultiProcessing01/measurements/output/multiProcessingActOvenOutward,"{""value"": false, ""timestamp"": ""2025-05-12T12:02:00.527606+00:00Z""}",0,False,1747051464.8215816,0.00011205673217773438
PLC/Island 1/MultiProcessing/MultiProcessing01/measurements/output/multiProcessingActGripperToOven,"{""value"": false, ""timestamp"": ""2025-05-12T12:02:00.527916+00:00Z""}",0,False,1747051464.8216696,8.797645568847656e-05
PLC/Island 1/MultiProcessing/MultiProcessing01/measurements/output/multiProcessingActGripperToTurntable,"{""value"": false, ""timestamp"": ""2025-05-12T12:02:00.528148+00:00Z""}",0,False,1747051464.822149,0.0004794597625732422
PLC/Island 1/MultiProcessing/MultiProcessing01/measurements/output/multiProcessingOvenLight,"{""value"": false, ""timestamp"": ""2025-05-12T12:02:00.528361+00:00Z""}",0,False,1747051464.822349,0.00020003318786621094
PLC/Island 1/MultiProcessing/MultiProcessing01/measurements/output/multiProcessingCompressor,"{""value"": false, ""timestamp"": ""2025-05-12T12:02:00.528502+00:00Z""}",0,False,1747051464.8224285,7.939338684082031e-05
PLC/Island 1/MultiProcessing/MultiProcessing01/measurements/output/multiProcessingValveVacuum,"{""value"": false, ""timestamp"": ""2025-05-12T12:02:00.529237+00:00Z""}",0,False,1747051464.8225486,0.0001201629638671875
PLC/Island 1/MultiProcessing/MultiProcessing01/measurements/output/multiProcessingActLowerValve,"{""value"": false, ""timestamp"": ""2025-05-12T12:02:00.529434+00:00Z""}",0,False,1747051464.8226159,6.723403930664062e-05
PLC/Island 1/MultiProcessing/MultiProcessing01/measurements/output/multiProcessingValveOvenDoor,"{""value"": false, ""timestamp"": ""2025-05-12T12:02:00.529569+00:00Z""}",0,False,1747051464.8227222,0.00010633468627929688
PLC/Island 1/MultiProcessing/MultiProcessing01/measurements/output/multiProcessingValveFeeder,"{""value"": false, ""timestamp"": ""2025-05-12T12:02:00.529647+00:00Z""}",0,False,1747051464.822839,0.00011682510375976562
PLC/Island 1/MultiProcessing/MultiProcessing01/measurements/input/multiProcessingSensTurntablePosVacuum,"{""value"": false, ""timestamp"": ""2025-05-12T12:02:00.559657+00:00Z""}",0,False,1747051464.8496604,0.026821374893188477
PLC/Island 1/MultiProcessing/MultiProcessing01/measurements/input/multiProcessingSensTurntablePosBelt,"{""value"": false, ""timestamp"": ""2025-05-12T12:02:00.559995+00:00Z""}",0,False,1747051464.849922,0.00026154518127441406
PLC/Island 1/MultiProcessing/MultiProcessing01/measurements/input/multiProcessingSensTurntablePosSaw,"{""value"": false, ""timestamp"": ""2025-05-12T12:02:00.560205+00:00Z""}",0,False,1747051464.8511348,0.0012128353118896484
PLC/Island 1/MultiProcessing/MultiProcessing01/measurements/input/multiProcessingSensEndConveyor,"{""value"": true, ""timestamp"": ""2025-05-12T12:02:00.560361+00:00Z""}",0,False,1747051464.8518174,0.0006825923919677734
PLC/Island 1/MultiProcessing/MultiProcessing01/measurements/input/multiProcessingSensOven,"{""value"": true, ""timestamp"": ""2025-05-12T12:02:00.560546+00:00Z""}",0,False,1747051464.8520799,0.0002624988555908203
PLC/Island 1/MultiProcessing/MultiProcessing01/measurements/input/multiProcessingSensVacuumGripperAtTurntable,"{""value"": true, ""timestamp"": ""2025-05-12T12:02:00.560695+00:00Z""}",0,False,1747051464.85219,0.00011014938354492188
PLC/Island 1/MultiProcessing/MultiProcessing01/measurements/input/multiProcessingSensVacuumGripperAtOven,"{""value"": false, ""timestamp"": ""2025-05-12T12:02:00.561426+00:00Z""}",0,False,1747051464.852286,9.608268737792969e-05
PLC/Island 1/MultiProcessing/MultiProcessing01/measurements/input/multiProcessingSensOvenFeederIn,"{""value"": false, ""timestamp"": ""2025-05-12T12:02:00.561571+00:00Z""}",0,False,1747051464.8523805,9.441375732421875e-05
PLC/Island 1/MultiProcessing/MultiProcessing01/measurements/input/multiProcessingSensOvenFeederOut,"{""value"": true, ""timestamp"": ""2025-05-12T12:02:00.561697+00:00Z""}",0,False,1747051464.852508,0.00012755393981933594
PLC/Island 1/MultiProcessing/MultiProcessing01/measurements/input/multiProcessingSensTurntablePosVacuum,"{""value"": false, ""timestamp"": ""2025-05-12T12:02:01.848768+00:00Z""}",0,False,1747051466.1398156,1.2873075008392334
PLC/Island 1/MultiProcessing/MultiProcessing01/measurements/input/multiProcessingSensTurntablePosBelt,"{""value"": false, ""timestamp"": ""2025-05-12T12:02:01.849184+00:00Z""}",0,False,1747051466.1401727,0.0003571510314941406
PLC/Island 1/MultiProcessing/MultiProcessing01/measurements/input/multiProcessingSensTurntablePosSaw,"{""value"": true, ""timestamp"": ""2025-05-12T12:02:01.849444+00:00Z""}",0,False,1747051466.145838,0.005665302276611328
PLC/Island 1/MultiProcessing/MultiProcessing01/measurements/input/multiProcessingSensEndConveyor,"{""value"": true, ""timestamp"": ""2025-05-12T12:02:01.850218+00:00Z""}",0,False,1747051466.1461349,0.0002968311309814453
PLC/Island 1/MultiProcessing/MultiProcessing01/measurements/input/multiProcessingSensOven,"{""value"": true, ""timestamp"": ""2025-05-12T12:02:01.850485+00:00Z""}",0,False,1747051466.146358,0.0002231597900390625
PLC/Island 1/MultiProcessing/MultiProcessing01/measurements/input/multiProcessingSensVacuumGripperAtTurntable,"{""value"": true, ""timestamp"": ""2025-05-12T12:02:01.850725+00:00Z""}",0,False,1747051466.1466212,0.000263214111328125
PLC/Island 1/MultiProcessing/MultiProcessing01/measurements/input/multiProcessingSensVacuumGripperAtOven,"{""value"": false, ""timestamp"": ""2025-05-12T12:02:01.851025+00:00Z""}",0,False,1747051466.146832,0.00021076202392578125
PLC/Island 1/MultiProcessing/MultiProcessing01/measurements/input/multiProcessingSensOvenFeederIn,"{""value"": false, ""timestamp"": ""2025-05-12T12:02:01.851432+00:00Z""}",0,False,1747051466.1471057,0.00027370452880859375
PLC/Island 1/MultiProcessing/MultiProcessing01/measurements/input/multiProcessingSensOvenFeederOut,"{""value"": true, ""timestamp"": ""2025-05-12T12:02:01.852231+00:00Z""}",0,False,1747051466.1476555,0.0005497932434082031
PLC/Island 1/MultiProcessing/MultiProcessing01/measurements/output/multiProcessingActRotClockwise,"{""value"": false, ""timestamp"": ""2025-05-12T12:02:01.854778+00:00Z""}",0,False,1747051466.1497629,0.002107381820678711
PLC/Island 1/MultiProcessing/MultiProcessing01/measurements/output/multiProcessingActRotCounterclockwise,"{""value"": false, ""timestamp"": ""2025-05-12T12:02:01.855102+00:00Z""}",0,False,1747051466.1502838,0.0005209445953369141
PLC/Island 1/MultiProcessing/MultiProcessing01/measurements/output/multiProcessingActConveyorForward,"{""value"": false, ""timestamp"": ""2025-05-12T12:02:01.855502+00:00Z""}",0,False,1747051466.1505952,0.0003113746643066406
PLC/Island 1/MultiProcessing/MultiProcessing01/measurements/output/multiProcessingActSaw,"{""value"": true, ""timestamp"": ""2025-05-12T12:02:01.855726+00:00Z""}",0,False,1747051466.150887,0.0002918243408203125
PLC/Island 1/MultiProcessing/MultiProcessing01/measurements/output/multiProcessingActOvenInward,"{""value"": false, ""timestamp"": ""2025-05-12T12:02:01.855969+00:00Z""}",0,False,1747051466.1513636,0.00047659873962402344
PLC/Island 1/MultiProcessing/MultiProcessing01/measurements/output/multiProcessingActOvenOutward,"{""value"": false, ""timestamp"": ""2025-05-12T12:02:01.856708+00:00Z""}",0,False,1747051466.1517472,0.00038361549377441406
PLC/Island 1/MultiProcessing/MultiProcessing01/measurements/output/multiProcessingActGripperToOven,"{""value"": false, ""timestamp"": ""2025-05-12T12:02:01.856845+00:00Z""}",0,False,1747051466.152034,0.0002868175506591797
PLC/Island 1/MultiProcessing/MultiProcessing01/measurements/output/multiProcessingActGripperToTurntable,"{""value"": false, ""timestamp"": ""2025-05-12T12:02:01.857032+00:00Z""}",0,False,1747051466.1523693,0.0003352165222167969
PLC/Island 1/MultiProcessing/MultiProcessing01/measurements/output/multiProcessingOvenLight,"{""value"": false, ""timestamp"": ""2025-05-12T12:02:01.857417+00:00Z""}",0,False,1747051466.1527238,0.00035452842712402344
PLC/Island 1/MultiProcessing/MultiProcessing01/measurements/output/multiProcessingCompressor,"{""value"": false, ""timestamp"": ""2025-05-12T12:02:01.857708+00:00Z""}",0,False,1747051466.1530075,0.0002837181091308594
PLC/Island 1/MultiProcessing/MultiProcessing01/measurements/output/multiProcessingValveVacuum,"{""value"": false, ""timestamp"": ""2025-05-12T12:02:01.857836+00:00Z""}",0,False,1747051466.1532683,0.0002608299255371094
PLC/Island 1/MultiProcessing/MultiProcessing01/measurements/output/multiProcessingActLowerValve,"{""value"": false, ""timestamp"": ""2025-05-12T12:02:01.858538+00:00Z""}",0,False,1747051466.1535103,0.00024199485778808594
PLC/Island 1/MultiProcessing/MultiProcessing01/measurements/output/multiProcessingValveOvenDoor,"{""value"": false, ""timestamp"": ""2025-05-12T12:02:01.858915+00:00Z""}",0,False,1747051466.1537385,0.0002281665802001953
PLC/Island 1/MultiProcessing/MultiProcessing01/measurements/output/multiProcessingValveFeeder,"{""value"": false, ""timestamp"": ""2025-05-12T12:02:01.859061+00:00Z""}",0,False,1747051466.1539724,0.0002338886260986328
PLC/Island 1/MultiProcessing/MultiProcessing01/measurements/output/multiProcessingActRotClockwise,"{""value"": true, ""timestamp"": ""2025-05-12T12:02:03.861950+00:00Z""}",0,False,1747051468.152338,1.9983656406402588
PLC/Island 1/MultiProcessing/MultiProcessing01/measurements/output/multiProcessingActRotCounterclockwise,"{""value"": false, ""timestamp"": ""2025-05-12T12:02:03.862347+00:00Z""}",0,False,1747051468.152924,0.0005860328674316406
PLC/Island 1/MultiProcessing/MultiProcessing01/measurements/output/multiProcessingActConveyorForward,"{""value"": true, ""timestamp"": ""2025-05-12T12:02:03.862555+00:00Z""}",0,False,1747051468.1548083,0.0018842220306396484
PLC/Island 1/MultiProcessing/MultiProcessing01/measurements/output/multiProcessingActSaw,"{""value"": false, ""timestamp"": ""2025-05-12T12:02:03.862859+00:00Z""}",0,False,1747051468.1551938,0.00038552284240722656
PLC/Island 1/MultiProcessing/MultiProcessing01/measurements/output/multiProcessingActOvenInward,"{""value"": false, ""timestamp"": ""2025-05-12T12:02:03.863075+00:00Z""}",0,False,1747051468.155632,0.0004382133483886719
PLC/Island 1/MultiProcessing/MultiProcessing01/measurements/output/multiProcessingActOvenOutward,"{""value"": false, ""timestamp"": ""2025-05-12T12:02:03.863326+00:00Z""}",0,False,1747051468.156084,0.0004520416259765625
PLC/Island 1/MultiProcessing/MultiProcessing01/measurements/output/multiProcessingActGripperToOven,"{""value"": false, ""timestamp"": ""2025-05-12T12:02:03.863775+00:00Z""}",0,False,1747051468.1563036,0.00021958351135253906
PLC/Island 1/MultiProcessing/MultiProcessing01/measurements/output/multiProcessingActGripperToTurntable,"{""value"": false, ""timestamp"": ""2025-05-12T12:02:03.864025+00:00Z""}",0,False,1747051468.1565273,0.00022363662719726562
PLC/Island 1/MultiProcessing/MultiProcessing01/measurements/output/multiProcessingOvenLight,"{""value"": false, ""timestamp"": ""2025-05-12T12:02:03.864543+00:00Z""}",0,False,1747051468.1569796,0.00045228004455566406
PLC/Island 1/MultiProcessing/MultiProcessing01/measurements/output/multiProcessingCompressor,"{""value"": false, ""timestamp"": ""2025-05-12T12:02:03.864959+00:00Z""}",0,False,1747051468.1572928,0.0003132820129394531
PLC/Island 1/MultiProcessing/MultiProcessing01/measurements/output/multiProcessingValveVacuum,"{""value"": false, ""timestamp"": ""2025-05-12T12:02:03.865241+00:00Z""}",0,False,1747051468.1575587,0.0002658367156982422
PLC/Island 1/MultiProcessing/MultiProcessing01/measurements/output/multiProcessingActLowerValve,"{""value"": false, ""timestamp"": ""2025-05-12T12:02:03.865716+00:00Z""}",0,False,1747051468.157863,0.00030422210693359375
PLC/Island 1/MultiProcessing/MultiProcessing01/measurements/output/multiProcessingValveOvenDoor,"{""value"": false, ""timestamp"": ""2025-05-12T12:02:03.865931+00:00Z""}",0,False,1747051468.158117,0.0002541542053222656
PLC/Island 1/MultiProcessing/MultiProcessing01/measurements/output/multiProcessingValveFeeder,"{""value"": false, ""timestamp"": ""2025-05-12T12:02:03.866141+00:00Z""}",0,False,1747051468.1583836,0.0002665519714355469
PLC/Island 1/MultiProcessing/MultiProcessing01/measurements/input/multiProcessingSensTurntablePosVacuum,"{""value"": false, ""timestamp"": ""2025-05-12T12:02:03.985172+00:00Z""}",0,False,1747051468.275184,0.11680030822753906
PLC/Island 1/MultiProcessing/MultiProcessing01/measurements/input/multiProcessingSensTurntablePosBelt,"{""value"": false, ""timestamp"": ""2025-05-12T12:02:03.985475+00:00Z""}",0,False,1747051468.2755468,0.0003628730773925781
PLC/Island 1/MultiProcessing/MultiProcessing01/measurements/input/multiProcessingSensTurntablePosSaw,"{""value"": false, ""timestamp"": ""2025-05-12T12:02:03.985754+00:00Z""}",0,False,1747051468.2759721,0.0004253387451171875
PLC/Island 1/MultiProcessing/MultiProcessing01/measurements/input/multiProcessingSensEndConveyor,"{""value"": true, ""timestamp"": ""2025-05-12T12:02:03.985919+00:00Z""}",0,False,1747051468.2766163,0.0006442070007324219
PLC/Island 1/MultiProcessing/MultiProcessing01/measurements/input/multiProcessingSensOven,"{""value"": true, ""timestamp"": ""2025-05-12T12:02:03.986208+00:00Z""}",0,False,1747051468.2771213,0.0005049705505371094
PLC/Island 1/MultiProcessing/MultiProcessing01/measurements/input/multiProcessingSensVacuumGripperAtTurntable,"{""value"": true, ""timestamp"": ""2025-05-12T12:02:03.986386+00:00Z""}",0,False,1747051468.2773623,0.0002410411834716797
PLC/Island 1/MultiProcessing/MultiProcessing01/measurements/input/multiProcessingSensVacuumGripperAtOven,"{""value"": false, ""timestamp"": ""2025-05-12T12:02:03.986522+00:00Z""}",0,False,1747051468.2777157,0.0003533363342285156
PLC/Island 1/MultiProcessing/MultiProcessing01/measurements/input/multiProcessingSensOvenFeederIn,"{""value"": false, ""timestamp"": ""2025-05-12T12:02:03.986655+00:00Z""}",0,False,1747051468.278126,0.00041031837463378906
PLC/Island 1/MultiProcessing/MultiProcessing01/measurements/input/multiProcessingSensOvenFeederOut,"{""value"": true, ""timestamp"": ""2025-05-12T12:02:03.986782+00:00Z""}",0,False,1747051468.2787929,0.0006668567657470703
PLC/Island 1/MultiProcessing/MultiProcessing01/measurements/input/multiProcessingSensTurntablePosVacuum,"{""value"": false, ""timestamp"": ""2025-05-12T12:02:04.463989+00:00Z""}",0,False,1747051468.7598796,0.48108673095703125
PLC/Island 1/MultiProcessing/MultiProcessing01/measurements/input/multiProcessingSensTurntablePosBelt,"{""value"": true, ""timestamp"": ""2025-05-12T12:02:04.464320+00:00Z""}",0,False,1747051468.7601805,0.0003008842468261719
PLC/Island 1/MultiProcessing/MultiProcessing01/measurements/input/multiProcessingSensTurntablePosSaw,"{""value"": false, ""timestamp"": ""2025-05-12T12:02:04.464539+00:00Z""}",0,False,1747051468.760579,0.0003986358642578125
PLC/Island 1/MultiProcessing/MultiProcessing01/measurements/input/multiProcessingSensEndConveyor,"{""value"": true, ""timestamp"": ""2025-05-12T12:02:04.464738+00:00Z""}",0,False,1747051468.76092,0.0003409385681152344
PLC/Island 1/MultiProcessing/MultiProcessing01/measurements/input/multiProcessingSensOven,"{""value"": true, ""timestamp"": ""2025-05-12T12:02:04.464928+00:00Z""}",0,False,1747051468.7614584,0.0005383491516113281
PLC/Island 1/MultiProcessing/MultiProcessing01/measurements/input/multiProcessingSensVacuumGripperAtTurntable,"{""value"": true, ""timestamp"": ""2025-05-12T12:02:04.465104+00:00Z""}",0,False,1747051468.7623575,0.0008990764617919922
PLC/Island 1/MultiProcessing/MultiProcessing01/measurements/input/multiProcessingSensVacuumGripperAtOven,"{""value"": false, ""timestamp"": ""2025-05-12T12:02:04.465963+00:00Z""}",0,False,1747051468.7626822,0.0003247261047363281
PLC/Island 1/MultiProcessing/MultiProcessing01/measurements/input/multiProcessingSensOvenFeederIn,"{""value"": false, ""timestamp"": ""2025-05-12T12:02:04.466174+00:00Z""}",0,False,1747051468.7629025,0.00022029876708984375
PLC/Island 1/MultiProcessing/MultiProcessing01/measurements/input/multiProcessingSensOvenFeederOut,"{""value"": true, ""timestamp"": ""2025-05-12T12:02:04.466405+00:00Z""}",0,False,1747051468.7644942,0.0015916824340820312
PLC/Island 1/MultiProcessing/MultiProcessing01/measurements/output/multiProcessingActRotClockwise,"{""value"": false, ""timestamp"": ""2025-05-12T12:02:04.468585+00:00Z""}",0,False,1747051468.764815,0.0003209114074707031
PLC/Island 1/MultiProcessing/MultiProcessing01/measurements/output/multiProcessingActRotCounterclockwise,"{""value"": false, ""timestamp"": ""2025-05-12T12:02:04.469019+00:00Z""}",0,False,1747051468.7650843,0.00026917457580566406
PLC/Island 1/MultiProcessing/MultiProcessing01/measurements/output/multiProcessingActConveyorForward,"{""value"": true, ""timestamp"": ""2025-05-12T12:02:04.469601+00:00Z""}",0,False,1747051468.7655947,0.0005104541778564453
PLC/Island 1/MultiProcessing/MultiProcessing01/measurements/output/multiProcessingActSaw,"{""value"": false, ""timestamp"": ""2025-05-12T12:02:04.470421+00:00Z""}",0,False,1747051468.7658396,0.0002448558807373047
PLC/Island 1/MultiProcessing/MultiProcessing01/measurements/output/multiProcessingActOvenInward,"{""value"": false, ""timestamp"": ""2025-05-12T12:02:04.470863+00:00Z""}",0,False,1747051468.7660513,0.0002117156982421875
PLC/Island 1/MultiProcessing/MultiProcessing01/measurements/output/multiProcessingActOvenOutward,"{""value"": false, ""timestamp"": ""2025-05-12T12:02:04.471050+00:00Z""}",0,False,1747051468.7663014,0.00025010108947753906
PLC/Island 1/MultiProcessing/MultiProcessing01/measurements/output/multiProcessingActGripperToOven,"{""value"": false, ""timestamp"": ""2025-05-12T12:02:04.471183+00:00Z""}",0,False,1747051468.7665575,0.0002560615539550781
PLC/Island 1/MultiProcessing/MultiProcessing01/measurements/output/multiProcessingActGripperToTurntable,"{""value"": false, ""timestamp"": ""2025-05-12T12:02:04.471304+00:00Z""}",0,False,1747051468.7667384,0.00018095970153808594
PLC/Island 1/MultiProcessing/MultiProcessing01/measurements/output/multiProcessingOvenLight,"{""value"": false, ""timestamp"": ""2025-05-12T12:02:04.471471+00:00Z""}",0,False,1747051468.766904,0.00016570091247558594
PLC/Island 1/MultiProcessing/MultiProcessing01/measurements/output/multiProcessingCompressor,"{""value"": true, ""timestamp"": ""2025-05-12T12:02:04.471632+00:00Z""}",0,False,1747051468.7670825,0.00017833709716796875
PLC/Island 1/MultiProcessing/MultiProcessing01/measurements/output/multiProcessingValveVacuum,"{""value"": false, ""timestamp"": ""2025-05-12T12:02:04.472320+00:00Z""}",0,False,1747051468.7672565,0.00017404556274414062
PLC/Island 1/MultiProcessing/MultiProcessing01/measurements/output/multiProcessingActLowerValve,"{""value"": false, ""timestamp"": ""2025-05-12T12:02:04.472444+00:00Z""}",0,False,1747051468.7674494,0.00019288063049316406
PLC/Island 1/MultiProcessing/MultiProcessing01/measurements/output/multiProcessingValveOvenDoor,"{""value"": false, ""timestamp"": ""2025-05-12T12:02:04.472519+00:00Z""}",0,False,1747051468.7676244,0.00017499923706054688
PLC/Island 1/MultiProcessing/MultiProcessing01/measurements/output/multiProcessingValveFeeder,"{""value"": true, ""timestamp"": ""2025-05-12T12:02:04.472596+00:00Z""}",0,False,1747051468.7682562,0.0006318092346191406
PLC/Island 1/MultiProcessing/MultiProcessing01/measurements/input/multiProcessingSensTurntablePosVacuum,"{""value"": false, ""timestamp"": ""2025-05-12T12:02:05.951832+00:00Z""}",0,False,1747051470.2432108,1.474954605102539
PLC/Island 1/MultiProcessing/MultiProcessing01/measurements/input/multiProcessingSensTurntablePosBelt,"{""value"": true, ""timestamp"": ""2025-05-12T12:02:05.952159+00:00Z""}",0,False,1747051470.243464,0.0002532005310058594
PLC/Island 1/MultiProcessing/MultiProcessing01/measurements/input/multiProcessingSensTurntablePosSaw,"{""value"": false, ""timestamp"": ""2025-05-12T12:02:05.952359+00:00Z""}",0,False,1747051470.2438624,0.00039839744567871094
PLC/Island 1/MultiProcessing/MultiProcessing01/measurements/input/multiProcessingSensEndConveyor,"{""value"": false, ""timestamp"": ""2025-05-12T12:02:05.953123+00:00Z""}",0,False,1747051470.2440507,0.00018835067749023438
PLC/Island 1/MultiProcessing/MultiProcessing01/measurements/input/multiProcessingSensOven,"{""value"": true, ""timestamp"": ""2025-05-12T12:02:05.953367+00:00Z""}",0,False,1747051470.2442117,0.0001609325408935547
PLC/Island 1/MultiProcessing/MultiProcessing01/measurements/input/multiProcessingSensVacuumGripperAtTurntable,"{""value"": true, ""timestamp"": ""2025-05-12T12:02:05.953557+00:00Z""}",0,False,1747051470.2444706,0.0002589225769042969
PLC/Island 1/MultiProcessing/MultiProcessing01/measurements/input/multiProcessingSensVacuumGripperAtOven,"{""value"": false, ""timestamp"": ""2025-05-12T12:02:05.953732+00:00Z""}",0,False,1747051470.2447946,0.00032401084899902344
PLC/Island 1/MultiProcessing/MultiProcessing01/measurements/input/multiProcessingSensOvenFeederIn,"{""value"": false, ""timestamp"": ""2025-05-12T12:02:05.953939+00:00Z""}",0,False,1747051470.245031,0.00023651123046875
PLC/Island 1/MultiProcessing/MultiProcessing01/measurements/input/multiProcessingSensOvenFeederOut,"{""value"": true, ""timestamp"": ""2025-05-12T12:02:05.954248+00:00Z""}",0,False,1747051470.2452776,0.0002465248107910156
PLC/Island 1/MultiProcessing/MultiProcessing01/events/emitted/command_feedback,"{""value"": ""{\""jsonType\"": \""COMMAND_FEEDBACK\"", \""commandId\"": 10, \""status\"": \""DONE\"", \""info\"": \""routine finished\\nLast subCycleStepResult:  CycleStepResultEnum.DONE\""}"", ""timestamp"": ""2025-05-12T12:02:06.070632+00:00Z""}",0,False,1747051470.359892,0.11461424827575684
PLC/Island 1/MultiProcessing/MultiProcessing01/measurements/internal/isExecuting,"{""value"": false, ""timestamp"": ""2025-05-12T12:02:06.076332+00:00Z""}",0,False,1747051470.3678684,0.007976531982421875
PLC/Island 1/MultiProcessing/MultiProcessing01/measurements/output/multiProcessingActRotClockwise,"{""value"": false, ""timestamp"": ""2025-05-12T12:02:06.077415+00:00Z""}",0,False,1747051470.3691142,0.001245737075805664
PLC/Island 1/MultiProcessing/MultiProcessing01/measurements/output/multiProcessingActRotCounterclockwise,"{""value"": false, ""timestamp"": ""2025-05-12T12:02:06.078284+00:00Z""}",0,False,1747051470.3695183,0.00040411949157714844
PLC/Island 1/MultiProcessing/MultiProcessing01/measurements/output/multiProcessingActConveyorForward,"{""value"": false, ""timestamp"": ""2025-05-12T12:02:06.078562+00:00Z""}",0,False,1747051470.36972,0.00020170211791992188
PLC/Island 1/MultiProcessing/MultiProcessing01/measurements/output/multiProcessingActSaw,"{""value"": false, ""timestamp"": ""2025-05-12T12:02:06.078971+00:00Z""}",0,False,1747051470.3700776,0.00035762786865234375
PLC/Island 1/MultiProcessing/MultiProcessing01/measurements/output/multiProcessingActOvenInward,"{""value"": false, ""timestamp"": ""2025-05-12T12:02:06.079127+00:00Z""}",0,False,1747051470.371205,0.001127481460571289
PLC/Island 1/MultiProcessing/MultiProcessing01/measurements/output/multiProcessingActOvenOutward,"{""value"": false, ""timestamp"": ""2025-05-12T12:02:06.079255+00:00Z""}",0,False,1747051470.3716505,0.00044536590576171875
PLC/Island 1/MultiProcessing/MultiProcessing01/measurements/output/multiProcessingActGripperToOven,"{""value"": false, ""timestamp"": ""2025-05-12T12:02:06.079384+00:00Z""}",0,False,1747051470.371921,0.00027060508728027344
PLC/Island 1/MultiProcessing/MultiProcessing01/measurements/output/multiProcessingActGripperToTurntable,"{""value"": false, ""timestamp"": ""2025-05-12T12:02:06.080133+00:00Z""}",0,False,1747051470.3722053,0.0002841949462890625
PLC/Island 1/MultiProcessing/MultiProcessing01/measurements/output/multiProcessingOvenLight,"{""value"": false, ""timestamp"": ""2025-05-12T12:02:06.080285+00:00Z""}",0,False,1747051470.3724408,0.00023555755615234375
PLC/Island 1/MultiProcessing/MultiProcessing01/measurements/output/multiProcessingCompressor,"{""value"": false, ""timestamp"": ""2025-05-12T12:02:06.080419+00:00Z""}",0,False,1747051470.3726742,0.0002334117889404297
PLC/Island 1/MultiProcessing/MultiProcessing01/measurements/output/multiProcessingValveVacuum,"{""value"": false, ""timestamp"": ""2025-05-12T12:02:06.080543+00:00Z""}",0,False,1747051470.3728843,0.00021004676818847656
PLC/Island 1/MultiProcessing/MultiProcessing01/measurements/output/multiProcessingActLowerValve,"{""value"": false, ""timestamp"": ""2025-05-12T12:02:06.080669+00:00Z""}",0,False,1747051470.3733122,0.0004279613494873047
PLC/Island 1/MultiProcessing/MultiProcessing01/measurements/output/multiProcessingValveOvenDoor,"{""value"": false, ""timestamp"": ""2025-05-12T12:02:06.080812+00:00Z""}",0,False,1747051470.3736222,0.00030994415283203125
PLC/Island 1/MultiProcessing/MultiProcessing01/measurements/output/multiProcessingValveFeeder,"{""value"": false, ""timestamp"": ""2025-05-12T12:02:06.080940+00:00Z""}",0,False,1747051470.3738213,0.0001990795135498047
PLC/Island 1/MultiProcessing/MultiProcessing01/events/emitted/machine_feedback,"{""value"": ""{\""jsonType\"": \""MACHINE_FEEDBACK\"", \""status\"": \""INITIALIZED_IDLE\"", \""info\"": \""\""}"", ""timestamp"": ""2025-05-12T12:02:06.107976+00:00Z""}",0,False,1747051470.4408853,0.04021954536437988
PLC/Island 1/MultiProcessing/MultiProcessing01/measurements/input/multiProcessingSensTurntablePosVacuum,"{""value"": false, ""timestamp"": ""2025-05-12T12:02:49.981382+00:00Z""}",0,False,1747051514.2733939,0.0003027915954589844
PLC/Island 1/MultiProcessing/MultiProcessing01/measurements/input/multiProcessingSensTurntablePosBelt,"{""value"": true, ""timestamp"": ""2025-05-12T12:02:49.981749+00:00Z""}",0,False,1747051514.2736049,0.0002110004425048828
PLC/Island 1/MultiProcessing/MultiProcessing01/measurements/input/multiProcessingSensTurntablePosSaw,"{""value"": false, ""timestamp"": ""2025-05-12T12:02:49.981937+00:00Z""}",0,False,1747051514.273891,0.000286102294921875
PLC/Island 1/MultiProcessing/MultiProcessing01/measurements/input/multiProcessingSensEndConveyor,"{""value"": true, ""timestamp"": ""2025-05-12T12:02:49.982260+00:00Z""}",0,False,1747051514.274034,0.0001430511474609375
PLC/Island 1/MultiProcessing/MultiProcessing01/measurements/input/multiProcessingSensOven,"{""value"": true, ""timestamp"": ""2025-05-12T12:02:49.982571+00:00Z""}",0,False,1747051514.2741506,0.00011658668518066406
PLC/Island 1/MultiProcessing/MultiProcessing01/measurements/input/multiProcessingSensVacuumGripperAtTurntable,"{""value"": true, ""timestamp"": ""2025-05-12T12:02:49.982845+00:00Z""}",0,False,1747051514.2742665,0.00011587142944335938
PLC/Island 1/MultiProcessing/MultiProcessing01/measurements/input/multiProcessingSensVacuumGripperAtOven,"{""value"": false, ""timestamp"": ""2025-05-12T12:02:49.983082+00:00Z""}",0,False,1747051514.2743814,0.00011491775512695312
PLC/Island 1/MultiProcessing/MultiProcessing01/measurements/input/multiProcessingSensOvenFeederIn,"{""value"": false, ""timestamp"": ""2025-05-12T12:02:49.983353+00:00Z""}",0,False,1747051514.2744992,0.00011777877807617188
PLC/Island 1/MultiProcessing/MultiProcessing01/measurements/input/multiProcessingSensOvenFeederOut,"{""value"": true, ""timestamp"": ""2025-05-12T12:02:49.983506+00:00Z""}",0,False,1747051514.2746172,0.00011801719665527344
